Arg,Val
0,-4.61257146926615
0.125,-4.58994394768615
0.25,-4.56701654395376
0.375,-4.54379509862093
0.5,-4.52028637974714
0.625,-4.49649800927401
0.75,-4.47243838463039
0.875,-4.44811659629927
1,-4.42354234209525
1.125,-4.39872583891327
1.25,-4.37367773271671
1.375,-4.34840900753491
1.5,-4.32293089423747
1.625,-4.29725477984477
1.75,-4.27139211812145
1.875,-4.24535434218202
2,-4.21915277981552
2.125,-4.19279857220954
2.25,-4.16630259672249
2.375,-4.13967539431812
2.5,-4.11292710223688
2.625,-4.08606739243577
2.75,-4.05910541628237
2.875,-4.03204975593903
3,-4.00490838282121
3.125,-3.97768862345922
3.25,-3.95039713303584
3.375,-3.92303987681352
3.5,-3.89562211960509
3.625,-3.86814842338043
3.75,-3.8406226530402
3.875,-3.81304799032511
4,-3.78542695576753
4.125,-3.75776143853056
4.25,-3.73005273391886
4.375,-3.70230158828599
4.5,-3.67450825100522
4.625,-3.64667253311452
4.75,-3.61879387219296
4.875,-3.59087140297434
5,-3.56290403315612
5.125,-3.53489052381653
5.25,-3.50682957381157
5.375,-3.47871990748614
5.5,-3.4505603649999
5.625,-3.42234999453979
5.75,-3.39408814566585
5.875,-3.36577456301775
6,-3.33740947959383
6.125,-3.3089937088044
6.25,-3.2805287344961
6.375,-3.25201679814401
6.5,-3.22346098241323
6.625,-3.19486529030226
6.75,-3.16623471909582
6.875,-3.1375753283752
7,-3.10889430136012
7.125,-3.08019999888631
7.25,-3.05150200535829
7.375,-3.02281116605696
7.5,-2.9941396152255
7.625,-2.96550079440591
7.75,-2.93690946055068
7.875,-2.90838168349044
8,-2.87993483239768
8.125,-2.85158755094947
8.25,-2.82335972095736
8.375,-2.79527241430035
8.5,-2.76734783306671
8.625,-2.73960923788188
8.75,-2.71208086447233
8.875,-2.68478782858903
9,-2.65775601948819
9.125,-2.63101198224093
9.25,-2.60458278921756
9.375,-2.57849590116496
9.5,-2.55277901836735
9.625,-2.52745992245093
9.75,-2.50256630946094
9.875,-2.47812561490557
10,-2.45416483152375
10.125,-2.43071032059364
10.25,-2.40778761765501
10.375,-2.3854212335703
10.5,-2.36363445189766
10.625,-2.34244912359238
10.75,-2.32188546009152
10.875,-2.30196182587018
11,-2.28269453158579
11.125,-2.26409762894919
11.25,-2.24618270847797
11.375,-2.22895870129849
11.5,-2.21243168616731
11.625,-2.19660470288186
11.75,-2.18147757324191
11.875,-2.16704673071007
12,-2.15330505989891
12.125,-2.14024174698625
12.25,-2.12784214212732
12.375,-2.1160876348942
12.5,-2.10495554372808
12.625,-2.09441902033979
12.75,-2.08444696993807
12.875,-2.07500398810374
13,-2.06605031506162
13.125,-2.05754180803092
13.25,-2.04942993225886
13.375,-2.04166177126274
13.5,-2.03418005672164
13.625,-2.02692321837191
13.75,-2.01982545417036
13.875,-2.01281682089632
14,-2.00582334526852
14.125,-1.99876715555608
14.25,-1.99156663356503
14.375,-1.98413658678268
14.5,-1.97638844036323
14.625,-1.96823044853899
14.75,-1.95956792494336
14.875,-1.95030349123453
15,-1.94033734331344
15.125,-1.92956753433633
15.25,-1.91789027363128
15.375,-1.90520024054085
15.5,-1.89139091212873
15.625,-1.87635490360812
15.75,-1.85998432027442
15.875,-1.84217111965351
16,-1.82280748251168
16.125,-1.80178619131337
16.25,-1.77900101465863
16.375,-1.75434709618472
16.5,-1.727721346375
16.625,-1.69902283568379
16.75,-1.66815318735871
16.875,-1.63501696832169
17,-1.59952207645723
17.125,-1.56158012265116
17.25,-1.52110680592565
17.375,-1.47802228002606
17.5,-1.43225150983311
17.625,-1.38372461599904
17.75,-1.3323772062394
17.875,-1.27815069175267
18,-1.22099258728755
18.125,-1.16085679343284
18.25,-1.09770385976681
18.375,-1.03150122757188
18.5,-0.962223450895343
18.625,-0.889852394818652
18.75,-0.814377409884822
18.875,-0.73579548172643
19,-0.65411135503437
19.125,-0.569337631110158
19.25,-0.481494838351218
19.375,-0.390611475129077
19.5,-0.296724024634097
19.625,-0.199876941376869
19.75,-0.100122609155042
19.875,0.0024787295852183
20,0.107859072942449
20.125,0.21594278713498
20.25,0.326646762162999
20.375,0.439880595141057
20.5,0.555546800764064
20.625,0.67354104825103
20.75,0.79375242399418
20.875,0.916063719027368
21,1.04035174031722
21.125,1.16648764477376
21.25,1.29433729477519
21.375,1.42376163390377
21.5,1.55461708149807
21.625,1.68675594454016
21.75,1.82002684531639
21.875,1.95427516321685
22,2.08934348897201
22.125,2.22507208956559
22.25,2.36129938201132
22.375,2.49786241413714
22.5,2.63459735048473
22.625,2.77133996140488
22.75,2.90792611341001
22.875,3.04419225883488
23,3.17997592285466
23.125,3.3151161859162
23.25,3.44945415965421
23.375,3.58283345438798
23.5,3.71510063632694
23.625,3.84610567265467
23.75,3.97570236271028
23.875,4.10374875354325
24,4.23010753818366
24.125,4.35464643504171
24.25,4.47723854693116
24.375,4.59776269829765
24.5,4.71610374932641
24.625,4.83215288570323
24.75,4.94580788290758
24.875,5.05697334402688
25,5.16556091019577
25.125,5.27148944288325
25.25,5.37468517737301
25.375,5.47508184690792
25.5,5.5726207770977
25.625,5.66725095031866
25.75,5.75892903996578
25.875,5.84761941454901
26,5.93329411175803
26.125,6.01593278275069
26.25,6.09552260705105
26.375,6.17205817857122
26.5,6.24554136339746
26.625,6.31598113010445
26.75,6.38339335348101
26.875,6.44780059266676
27,6.50923184480998
27.125,6.5677222754631
27.25,6.62331292703256
27.375,6.67605040669429
27.5,6.72598655527355
27.625,6.77317809866922
27.75,6.81768628347573
27.875,6.85957649852207
28,6.8989178841053
28.125,6.93578293074544
28.25,6.97024706933034
28.375,7.0023882545514
28.5,7.03228654355498
28.625,7.06002367174942
28.75,7.08568262771308
28.875,7.10934722914627
29,7.13110170179738
29.125,7.15103026327281
29.25,7.16921671361022
29.375,7.1857440344563
29.5,7.20069399864284
29.625,7.21414679189992
29.75,7.2261806483813
29.875,7.23687150160613
30,7.24629265234274
30.125,7.25451445487425
30.25,7.26160402299438
30.375,7.26762495698268
30.5,7.27263709270513
30.625,7.27669627387637
30.75,7.27985414840607
30.875,7.28215798963403
31,7.28365054313656
31.125,7.28436989966252
31.25,7.28434939462995
31.375,7.28361753448544
31.5,7.28219795009836
31.625,7.28010937723122
31.75,7.27736566399707
31.875,7.2739758050844
32,7.26994400240185
32.125,7.26526975166765
32.25,7.25994795434483
32.375,7.2539690542017
32.5,7.24731919765952
32.625,7.23998041697613
32.75,7.23193083520521
32.875,7.22314489176803
33,7.21359358737643
33.125,7.20324474695475
33.25,7.19206329912337
33.375,7.18001157072926
33.5,7.1670495948381
33.625,7.1531354305406
33.75,7.13822549287086
33.875,7.12227489108845
34,7.10523777353843
34.125,7.08706767727447
34.25,7.06771788061012
34.375,7.04714175675219
34.5,7.02529312666784
34.625,7.00212660934388
34.75,6.9775979676124
34.875,6.95166444774145
35,6.9242851110227
35.125,6.89542115563009
35.25,6.86503622707342
35.375,6.8330967156294
35.5,6.79957203919893
35.625,6.76443491011273
35.75,6.72766158448887
35.875,6.68923209283278
36,6.64913045066487
36.125,6.60734484806021
36.25,6.56386781709051
36.375,6.51869637626839
36.5,6.47183215120863
36.625,6.4232814708396
36.75,6.37305543861913
36.875,6.32116997833408
37,6.26764585418831
37.125,6.21250866501222
37.25,6.15578881255513
37.375,6.09752144395066
37.5,6.03774636857373
37.625,5.9765079496351
37.75,5.91385497098492
37.875,5.84984047972037
38,5.78452160531311
38.125,5.71795935608925
38.25,5.65021839400799
38.375,5.58136678879353
38.5,5.51147575257874
38.625,5.44061935631684
38.75,5.36887422930976
38.875,5.29631924328702
39,5.22303518254814
39.125,5.14910440175263
39.25,5.0746104730058
39.375,4.99963782394436
39.5,4.9242713685737
39.625,4.84859613264807
39.75,4.77269687541568
39.875,4.69665770957263
40,4.62056172128319
40.125,4.54449059212762
40.25,4.46852422483459
40.375,4.39274037464141
40.5,4.31721428810295
40.625,4.24201835113887
40.75,4.16722174806915
40.875,4.09289013333961
41,4.01908531758277
41.125,3.94586496959531
41.25,3.87328233574115
41.375,3.80138597821039
41.5,3.73021953347815
41.625,3.65982149221487
41.75,3.59022500180098
41.875,3.52145769249501
42,3.45354152819463
42.125,3.38649268261662
42.25,3.32032144160398
42.375,3.25503213214691
42.5,3.19062307858058
42.625,3.12708658629596
42.75,3.06440895317187
42.875,3.00257050880741
43,2.94154568150381
43.125,2.88130309281562
43.25,2.82180567936205
43.375,2.76301084146181
43.5,2.70487061802941
43.625,2.64733188704774
43.75,2.59033659081201
43.875,2.53382198502387
44,2.47772091070254
44.125,2.42196208777287
44.25,2.36647042908779
44.375,2.31116737354694
44.5,2.25597123688308
44.625,2.20079757860408
44.75,2.14555958350255
44.875,2.09016845607558
45,2.03453382613565
45.125,1.97856416384057
45.25,1.92216720232481
45.375,1.86525036607763
45.5,1.80772120318518
45.625,1.74948781953408
45.75,1.69045931306295
45.875,1.63054620614633
46,1.56966087420233
46.125,1.50771796863023
46.25,1.44463483220926
46.375,1.38033190512167
46.5,1.31473311980477
46.625,1.24776628288579
46.75,1.17936344251069
46.875,1.10946123944269
47,1.03800124037898
47.125,0.964930252013064
47.25,0.890200614455915
47.375,0.813770472721766
47.5,0.735604025081693
47.625,0.655671747191551
47.75,0.573950591008986
47.875,0.490424157626345
48,0.405082843262407
48.125,0.317923957775427
48.25,0.228951815181766
48.375,0.138177795788436
48.5,0.0456203796738126
48.625,-0.0486948486229793
48.75,-0.144735224216564
48.875,-0.242461054679385
49,-0.341825701295458
49.125,-0.442775688399487
49.25,-0.545250840314386
49.375,-0.649184445280609
49.5,-0.754503445653878
49.625,-0.861128653534522
49.75,-0.968974990882904
49.875,-1.07795175307077
50,-1.18796289471927
50.125,-1.29890733658043
50.25,-1.41067929213104
50.375,-1.52316861246677
50.5,-1.63626114800904
50.625,-1.74983912546965
50.75,-1.86378153845784
50.875,-1.97796455006116
51,-2.0922619056865
51.125,-2.20654535441059
51.25,-2.32068507705975
51.375,-2.43455011921792
51.5,-2.54800882734929
51.625,-2.66092928621706
51.75,-2.77317975578396
51.875,-2.88462910579193
52,-2.99514724623829
52.125,-3.10460555199383
52.25,-3.21287727984406
52.375,-3.31983797627806
52.5,-3.42536587440002
52.625,-3.52934227839659
52.75,-3.63165193405723
52.875,-3.73218338391606
53,-3.83082930566032
53.125,-3.92748683253353
53.25,-4.02205785454892
53.375,-4.11444929942169
53.5,-4.20457339222532
53.625,-4.29234789287835
53.75,-4.37769631067188
53.875,-4.46054809515539
54,-4.54083880280762
54.125,-4.61851023903052
54.25,-4.69351057511686
54.375,-4.76579443995484
54.5,-4.83532298634692
54.625,-4.90206393193268
54.75,-4.9659915748178
54.875,-5.02708678412211
55,-5.08533696576819
55.125,-5.14073600393871
55.25,-5.193284178734
55.375,-5.24298806066155
55.5,-5.28986038268548
55.625,-5.3339198906561
55.75,-5.375191173027
55.875,-5.41370447084961
56,-5.44949546911228
56.125,-5.48260507056179
56.25,-5.51307915321111
56.375,-5.54096831279574
56.5,-5.56632759149383
56.625,-5.58921619427077
56.75,-5.60969719424834
56.875,-5.62783722853017
57,-5.64370618594018
57.125,-5.65737688814866
57.25,-5.66892476567104
57.375,-5.67842753022787
57.5,-5.685964844951
57.625,-5.69161799391011
57.75,-5.69546955241639
57.875,-5.6976030595355
58,-5.69810269421145
58.125,-5.69705295636541
58.25,-5.69453835429033
58.375,-5.69064309961289
58.5,-5.68545081103964
58.625,-5.67904422804419
58.75,-5.67150493558726
58.875,-5.66291310089242
59,-5.65334722322657
59.125,-5.6428838975571
59.25,-5.63159759287727
59.375,-5.61956044590812
59.5,-5.60684207079912
59.625,-5.59350938536274
59.75,-5.5796264542884
59.875,-5.56525434969125
60,-5.55045102926082
60.125,-5.53527123218336
60.25,-5.51976639292125
60.375,-5.50398457284379
60.5,-5.48797040961452
60.625,-5.4717650841543
60.75,-5.4554063049145
60.875,-5.4389283091129
61,-5.42236188050574
61.125,-5.40573438319387
61.25,-5.38906981088897
61.375,-5.37238885099749
61.5,-5.35570896281689
61.625,-5.33904446907906
61.75,-5.32240666002221
61.875,-5.30580390912292
62,-5.2892417995766
62.125,-5.2727232605761
62.25,-5.25624871240555
62.375,-5.23981621933954
62.5,-5.22342164931656
62.625,-5.20705883934017
62.75,-5.19071976555213
62.875,-5.174394716918
63,-5.15807247146775
63.125,-5.14174047404234
63.25,-5.12538501451029
63.375,-5.10899140543757
63.5,-5.09254415821872
63.625,-5.0760271567063
63.75,-5.05942382741044
63.875,-5.04271730537948
64,-5.02589059491612
64.125,-5.00892672433121
64.25,-4.99180889398887
64.375,-4.97452061695177
64.5,-4.95704585159314
64.625,-4.93936912560356
64.75,-4.92147565088354
64.875,-4.90335142887847
65,-4.8849833459796
65.125,-4.86635925868284
65.25,-4.84746806826656
65.375,-4.82829978481894
65.5,-4.80884558051524
65.625,-4.78909783211441
65.75,-4.76905015271332
65.875,-4.74869741286393
66,-4.7280357512248
66.125,-4.70706257498227
66.25,-4.68577655033824
66.375,-4.66417758342083
66.5,-4.64226679203012
66.625,-4.62004646868454
66.75,-4.59752003548241
66.875,-4.57469199133948
67,-4.5515678522044
67.125,-4.52815408489186
67.25,-4.50445803520599
67.375,-4.48048785105495
67.5,-4.45625240128154
67.625,-4.43176119095306
67.75,-4.40702427386789
67.875,-4.38205216304491
68,-4.3568557399657
68.125,-4.33144616333835
68.25,-4.30583477814561
68.375,-4.28003302572865
68.5,-4.25405235564228
68.625,-4.22790413999625
68.75,-4.20159959097236
68.875,-4.17514968217737
69,-4.14856507445755
69.125,-4.12185604676308
69.25,-4.09503243260887
69.375,-4.06810356263287
69.5,-4.04107821370487
69.625,-4.01396456498753
69.75,-3.98677016129719
69.875,-3.95950188405612
70,-3.93216593006985
70.125,-3.90476779830334
70.25,-3.8773122847692
70.375,-3.84980348557945
70.5,-3.82224480815026
70.625,-3.79463899048698
70.75,-3.76698812841503
70.875,-3.73929371056112
71,-3.71155666082932
71.125,-3.68377738805784
71.25,-3.655955842486
71.375,-3.62809157860582
71.5,-3.60018382392119
71.625,-3.57223155308814
71.75,-3.54423356686371
71.875,-3.51618857524854
72,-3.48809528416942
72.125,-3.45995248501316
72.25,-3.43175914629273
72.375,-3.40351450670035
72.5,-3.37521816878071
72.625,-3.34687019244073
72.75,-3.31847118750061
72.875,-3.29002240448386
73,-3.26152582284249
73.125,-3.23298423581698
73.25,-3.20440133113904
73.375,-3.17578176679929
73.5,-3.14713124112044
73.625,-3.11845655640097
73.75,-3.0897656754226
73.875,-3.06106777014907
74,-3.03237326198177
74.125,-3.00369385298065
74.25,-2.97504254750601
74.375,-2.94643366378795
74.5,-2.91788283498495
74.625,-2.88940699935174
74.75,-2.86102437919811
74.875,-2.83275444838465
75,-2.80461788816869
75.125,-2.77663653128256
75.25,-2.74883329419754
75.375,-2.721232097599
75.5,-2.69385777517172
75.625,-2.66673597086826
75.75,-2.63989302490761
75.875,-2.61335584882503
76,-2.58715178996741
76.125,-2.56130848590068
76.25,-2.53585370926672
76.375,-2.51081520369562
76.5,-2.48622051144622
76.625,-2.46209679351137
76.75,-2.43847064298527
76.875,-2.41536789254752
77,-2.39281341697217
77.125,-2.37083093161919
77.25,-2.349442787911
77.375,-2.32866976683668
77.5,-2.30853087156156
77.625,-2.28904312024997
77.75,-2.27022134023307
77.875,-2.25207796467218
78,-2.23462283288134
78.125,-2.21786299547871
78.25,-2.20180252553793
78.375,-2.18644233690426
78.5,-2.17178001082903
78.625,-2.15780963205732
78.75,-2.14452163548011
78.875,-2.13190266443094
79,-2.11993544167111
79.125,-2.10859865406443
79.25,-2.09786685189446
79.375,-2.08771036372276
79.5,-2.07809522762753
79.625,-2.06898313959708
79.75,-2.06033141978295
79.875,-2.05209299724349
80,-2.04421641372983
80.125,-2.03664584698401
80.25,-2.02932115393264
80.375,-2.02217793407066
80.5,-2.01514761323715
80.625,-2.00815754789149
80.75,-2.00113114990128
80.875,-1.99398803175632
81,-1.98664417202397
81.125,-1.97901210076231
81.25,-1.97100110450844
81.375,-1.96251745036067
81.5,-1.95346462857576
81.625,-1.94374361300645
81.75,-1.93325313861036
81.875,-1.92188999516958
82,-1.90954933627189
82.125,-1.89612500251909
82.25,-1.88150985784653
82.375,-1.86559613776073
82.5,-1.8482758082298
82.625,-1.8294409338938
82.75,-1.80898405420038
82.875,-1.78679856601522
83,-1.76277911120664
83.125,-1.73682196766068
83.25,-1.70882544214592
83.375,-1.67869026341789
83.5,-1.64631997393025
83.625,-1.61162131850454
83.75,-1.57450462830294
83.875,-1.53488419844782
84,-1.49267865763978
84.125,-1.44781132814071
84.25,-1.40021057451129
84.375,-1.34981013952287
84.5,-1.2965494657014
84.625,-1.24037400100673
84.75,-1.18123548720294
84.875,-1.11909222953523
85,-1.05390934639545
85.125,-0.985658997731379
85.25,-0.914320591034267
85.375,-0.839880963824613
85.5,-0.762334541647138
85.625,-0.681683470681882
85.75,-0.597937724179605
85.875,-0.511115182035006
86,-0.421241682920297
86.125,-0.328351048514632
86.25,-0.232485079480493
86.375,-0.133693522955837
86.5,-0.0320340114510462
86.625,0.0724280268391666
86.75,0.179619486177014
86.875,0.289459729621686
87,0.40186076319205
87.125,0.516727437355234
87.25,0.633957675224585
87.375,0.753442726733143
87.5,0.875067447934412
87.625,0.998710604469898
87.75,1.1242451981356
87.875,1.25153881537548
88,1.38045399643083
88.125,1.51084862378086
88.25,1.64257632842126
88.375,1.77548691244526
88.5,1.90942678631612
88.625,2.04423941915093
88.75,2.17976580027371
88.875,2.31584491024179
89,2.4523141995029
89.125,2.58901007280161
89.25,2.72576837742409
89.375,2.86242489334784
89.5,2.99881582334978
89.625,3.13477828112173
89.75,3.27015077544591
89.875,3.4047736884957
90,3.53848974634859
90.125,3.67114447982778
90.25,3.80258667382717
90.375,3.93266880332143
90.5,4.06124745431745
90.625,4.18818372806594
90.75,4.31334362692258
90.875,4.43659842032568
91,4.55782498944141
91.125,4.67690614911971
91.25,4.79373094590076
91.375,4.90819493091517
91.5,5.02020040662987
91.625,5.12965664650478
91.75,5.23648008674273
91.875,5.34059448943716
92,5.44193107654619
92.125,5.54042863424903
92.25,5.63603358737046
92.375,5.72870004368955
92.5,5.81838980808059
92.625,5.90507236656641
92.75,5.98872484049593
92.875,6.06933191118801
93,6.1468857155138
93.125,6.22138571301594
93.25,6.29283852528765
93.375,6.36125774845597
93.5,6.42666373973018
93.625,6.48908337908911
93.75,6.54854980728934
93.875,6.60510214147805
94,6.65878516979084
94.125,6.70964902640516
94.25,6.75774884860293
94.375,6.80314441747184
94.5,6.845899783944
94.625,6.88608288193054
94.75,6.9237651303636
94.875,6.95902102600143
95,6.99192772888765
95.125,7.02256464238241
95.25,7.05101298970145
95.375,7.07735538890769
95.5,7.10167542829984
95.625,7.12405724413377
95.75,7.14458510259403
95.875,7.16334298790598
96,7.18041419844356
96.125,7.19588095264323
96.25,7.20982400648193
96.375,7.22232228421659
96.5,7.23345252401352
96.625,7.2432889400204
96.75,7.25190290235023
96.875,7.25936263635658
97,7.2657329424831
97.125,7.27107493786837
97.25,7.27544582077936
97.375,7.27889865883448
97.5,7.28148220186046
97.625,7.28324072010678
97.75,7.2842138684176
97.875,7.28443657683485
98,7.28393896797788
98.125,7.28274630141491
98.25,7.28087894511157
98.375,7.27835237391055
98.5,7.27517719486636
98.625,7.27135919912993
98.75,7.26689943995035
98.875,7.26179433623561
99,7.25603580099202
99.125,7.24961139384303
99.25,7.24250449671339
99.375,7.23469451165419
99.5,7.22615707967913
99.625,7.21686431938305
99.75,7.20678508401977
99.875,7.19588523562981
100,7.18412793472805
100.125,7.17147394398874
100.25,7.15788194430047
100.375,7.14330886150592
100.5,7.12771020209278
100.625,7.11104039606155
100.75,7.09325314516401
100.875,7.07430177468322
101,7.05413958691161
101.125,7.03272021447865
101.25,7.00999797168324
101.375,6.98592820199879
101.5,6.96046761994045
101.625,6.9335746455145
101.75,6.90520972950886
101.875,6.87533566793113
102,6.8439179039563
102.125,6.81092481580992
102.25,6.7763279890836
102.375,6.7401024720585
102.5,6.70222701269765
102.625,6.66268427605998
102.75,6.62146104098681
102.875,6.57854837501534
103,6.53394178658172
103.125,6.48764135369006
103.25,6.43965182834042
103.375,6.38998271612959
103.5,6.33864833056167
103.625,6.28566782173162
103.75,6.2310651791715
103.875,6.17486920877822
104,6.11711348387005
104.125,6.05783627054751
104.25,5.99708042766249
104.375,5.93489328182546
104.5,5.8713264780047
104.625,5.80643580639372
104.75,5.74028100634075
104.875,5.67292554824925
105,5.60443639446833
105.125,5.53488374029767
105.25,5.46434073633108
105.375,5.39288319345739
105.5,5.32058927192483
105.625,5.24753915595626
105.75,5.1738147154765
105.875,5.09949915657947
106,5.02467666242141
106.125,4.94943202627697
106.25,4.87385027853737
106.375,4.79801630946319
106.5,4.72201448952943
106.625,4.64592828921691
106.75,4.56983990011086
106.875,4.49382985916606
107,4.41797667798763
107.125,4.34235647895643
107.25,4.26704264000026
107.375,4.19210544977503
107.5,4.11761177497452
107.625,4.04362474143374
107.75,3.97020343062949
107.875,3.89740259311197
108,3.82527238032461
108.125,3.753858096186
108.25,3.68319996971648
108.375,3.61333294989627
108.5,3.54428652383921
108.625,3.4760845592587
108.75,3.40874517209004
108.875,3.34228062001731
109,3.27669722253212
109.125,3.21199530802873
109.25,3.14816918831444
109.375,3.08520716078603
109.5,3.0230915383946
109.625,2.96179870739131
109.75,2.90129921271678
109.875,2.8415578707679
110,2.7825339091479
110.125,2.72418113287891
110.25,2.66644811643264
110.375,2.60927842081403
110.5,2.55261083481452
110.625,2.49637963943911
110.75,2.44051489440187
110.875,2.38494274548095
111,2.32958575142633
111.125,2.2743632290209
111.25,2.21919161481008
111.375,2.16398484193659
111.5,2.1086547304448
111.625,2.05311138935572
111.75,1.99726362875725
111.875,1.94101938010604
112,1.88428612289797
112.125,1.82697131583295
112.25,1.7689828305769
112.375,1.71022938621013
112.5,1.65062098244656
112.625,1.59006932971129
112.75,1.52848827417733
112.875,1.46579421588326
113,1.40190651808312
113.125,1.33674790601872
113.25,1.27024485335102
113.375,1.20232795454131
113.5,1.13293228153597
113.625,1.0619977231782
113.75,0.989469305846832
113.875,0.915297493906437
114,0.839438468642832
114.125,0.761854384454052
114.25,0.682513601168392
114.375,0.601390891467793
114.5,0.518467622505304
114.625,0.433731910920645
114.75,0.347178750576285
114.875,0.25881011245714
115,0.168635016300902
115.125,0.0766695736512073
115.25,-0.0170629978482881
115.375,-0.112532388973571
115.5,-0.209701242181539
115.625,-0.308525223414967
115.75,-0.408953122127953
115.875,-0.51092697908543
116,-0.614382241369979
116.125,-0.719247943910898
116.25,-0.825446916736038
116.375,-0.932896017036853
116.5,-1.04150638503076
116.625,-1.15118372250378
116.75,-1.2618285928212
116.875,-1.37333674110384
117,-1.48559943318364
117.125,-1.59850381187587
117.25,-1.71193326903466
117.375,-1.82576783179531
117.5,-1.93988456135233
117.625,-2.05415796257331
117.75,-2.16846040270935
117.875,-2.28266253743103
118,-2.39663374239478
118.125,-2.51024254852921
118.25,-2.62335707922382
118.375,-2.7358454876034
118.5,-2.8475763920804
118.625,-2.9584193083955
118.75,-3.06824507638137
118.875,-3.17692627971786
119,-3.28433765698826
119.125,-3.39035650239373
119.25,-3.49486305453891
119.375,-3.59774087176404
119.5,-3.69887719256744
119.625,-3.79816327973723
119.75,-3.89549474689232
119.875,-3.99077186621841
120,-4.08389985627597
120.125,-4.17478914885289
120.25,-4.26335563393411
120.375,-4.34952088196334
120.5,-4.43321234267855
120.625,-4.51436351991141
120.75,-4.59291412185125
120.875,-4.66881018638663
121,-4.74200418125031
121.125,-4.81245507880655
121.25,-4.8801284054336
121.375,-4.94499626556568
121.5,-5.00703734057092
121.625,-5.06623686275083
121.75,-5.12258656485395
121.875,-5.17608460560142
122,-5.22673547182291
122.125,-5.27454985789951
122.25,-5.31954452330318
122.375,-5.36174212911211
122.5,-5.40117105446449
122.625,-5.43786519399307
122.75,-5.47186373735522
122.875,-5.50321093204112
123,-5.53195583070356
123.125,-5.55815202430773
123.25,-5.5818573624472
123.375,-5.60313366221396
123.5,-5.62204640704425
123.625,-5.6386644369896
123.75,-5.65305963188243
123.875,-5.66530658887848
124,-5.67548229586446
124.125,-5.68366580221767
124.25,-5.68993788839621
124.375,-5.69438073582314
124.5,-5.69707759850565
124.625,-5.69811247780172
124.75,-5.69756980171163
124.875,-5.69553411003013
125,-5.69208974664794
125.125,-5.68732056023823
125.25,-5.68130961450546
125.375,-5.67413890911072
125.5,-5.66588911231971
125.625,-5.65663930634754
125.75,-5.64646674629835
125.875,-5.63544663351843
126,-5.62365190409919
126.125,-5.61115303318107
126.25,-5.5980178556229
126.375,-5.58431140351204
126.5,-5.57009576090102
126.625,-5.55542993606574
126.75,-5.54036975148949
126.875,-5.52496775168631
127,-5.50927312888745
127.125,-5.49333166652573
127.25,-5.47718570036547
127.375,-5.46087409704017
127.5,-5.44443224967778
127.625,-5.42789209021281
127.75,-5.41128211790811
127.875,-5.39462744353579
128,-5.37794984859728
128.125,-5.36126785889764
128.25,-5.34459683172836
128.375,-5.3279490558572
128.5,-5.31133386347282
128.625,-5.29475775318621
128.75,-5.27822452315096
128.875,-5.26173541332972
129,-5.24528925590525
129.125,-5.22888263281133
129.25,-5.21251003934175
129.375,-5.19616405278373
129.5,-5.17983550501708
129.625,-5.16351365802025
129.75,-5.1471863812308
129.875,-5.13084032971927
130,-5.11446112215292
130.125,-5.09803351754831
130.25,-5.08154158983949
130.375,-5.0649688993218
130.5,-5.04829866006822
130.625,-5.03151390245817
130.75,-5.01459763000425
130.875,-4.99753296971323
131,-4.98030331527119
131.125,-4.96289246239991
131.25,-4.94528473579186
131.375,-4.92746510709331
131.5,-4.90941930347034
131.625,-4.8911339063588
131.75,-4.87259644006709
131.875,-4.85379544996996
132,-4.83472057010046
132.125,-4.8153625800174
132.25,-4.79571345089462
132.375,-4.77576638084762
132.5,-4.75551581958057
132.625,-4.73495748250336
132.75,-4.71408835453289
132.875,-4.69290668385525
133,-4.67141196598568
133.125,-4.6496049185201
133.25,-4.62748744702647
133.375,-4.60506260257446
133.5,-4.58233453144948
133.625,-4.55930841763944
133.75,-4.53599041872219
133.875,-4.51238759581555
134,-4.48850783828209
134.125,-4.4643597839059
134.25,-4.4399527352792
134.375,-4.41529657315185
134.5,-4.39040166750769
134.625,-4.3652787871369
134.75,-4.33993900847412
134.875,-4.3143936244677
135,-4.28865405423561
135.125,-4.26273175424963
135.25,-4.23663813177
135.375,-4.21038446122905
135.5,-4.18398180423422
135.625,-4.157440933828
135.75,-4.13077226360632
135.875,-4.10398578225586
136,-4.07709099402701
136.125,-4.05009686561207
136.25,-4.02301177984748
136.375,-3.99584349660611
136.5,-3.96859912119026
136.625,-3.94128508047827
136.75,-3.91390710701884
136.875,-3.88647023120647
137,-3.85897878161013
137.125,-3.83143639346533
137.25,-3.80384602527767
137.375,-3.77620998342376
137.5,-3.74852995457456
137.625,-3.72080704570509
137.75,-3.69304183139614
137.875,-3.6652344080758
138,-3.63738445479326
138.125,-3.60949130006507
138.25,-3.58155399428297
138.375,-3.55357138712627
138.5,-3.52554220937731
138.625,-3.49746515849891
138.75,-3.46933898729625
138.875,-3.44116259495394
139,-3.41293511971096
139.125,-3.38465603241349
139.25,-3.35632523016715
139.375,-3.32794312929642
139.5,-3.29951075681103
139.625,-3.27102983957539
139.75,-3.24250289037871
139.875,-3.2139332901108
140,-3.18532536526012
140.125,-3.1566844599682
140.25,-3.12801700189635
140.375,-3.09933056118855
140.5,-3.07063390184546
140.625,-3.04193702486244
140.75,-3.01325120252488
140.875,-2.98458900330055
141,-2.95596430681784
141.125,-2.92739230847327
141.25,-2.89888951326803
141.375,-2.87047371853456
141.5,-2.84216398527745
141.625,-2.81398059791921
141.75,-2.78594501230979
141.875,-2.75807979192944
142,-2.73040853228603
142.125,-2.70295577358144
142.25,-2.67574690179517
142.375,-2.64880803840749
142.5,-2.62216591905867
142.625,-2.59584776151422
142.75,-2.56988112337871
142.875,-2.54429375007217
143,-2.51911341365241
143.125,-2.49436774313405
143.25,-2.47008404701988
143.375,-2.44628912882197
143.5,-2.42300909640846
143.625,-2.40026916606691
143.75,-2.37809346222567
143.875,-2.35650481382147
144,-2.33552454834287
144.125,-2.31517228461643
144.25,-2.29546572543369
144.375,-2.27642045114352
144.5,-2.25804971535503
144.625,-2.2403642439104
144.75,-2.22337203829663
144.875,-2.20707818466696
145,-2.19148466964
145.125,-2.1765902040341
145.25,-2.16239005567934
145.375,-2.14887589242645
145.5,-2.13603563644405
145.625,-2.12385333086089
145.75,-2.11230901976904
145.875,-2.10137864255766
146,-2.09103394349461
146.125,-2.08124239741561
146.25,-2.07196715231759
146.375,-2.06316698958475
146.5,-2.05479630250334
146.625,-2.04680509364384
146.75,-2.03913899160812
146.875,-2.03173928755405
147,-2.0245429918222
147.125,-2.01748291089755
147.25,-2.01048774484617
147.375,-2.00348220527053
147.5,-1.99638715373048
147.625,-1.98911976047803
147.75,-1.98159368325559
147.875,-1.97371926580785
148,-1.96540375565879
148.125,-1.95655154060759
148.25,-1.94706440330024
148.375,-1.93684179313902
148.5,-1.9257811146998
148.625,-1.91377803173682
148.75,-1.90072678576867
148.875,-1.88652052815629
149,-1.87105166450504
149.125,-1.85421221014901
149.25,-1.8358941554068
149.375,-1.81598983923393
149.5,-1.79439232983935
149.625,-1.7709958107816
149.75,-1.7456959710143
149.875,-1.71839039731199
150,-1.68897896747517
150.125,-1.65736424268837
150.25,-1.62345185738747
150.375,-1.58715090498229
150.5,-1.54837431777753
150.625,-1.50703923944041
150.75,-1.4630673883756
150.875,-1.41638541038849
151,-1.36692521904564
151.125,-1.31462432217673
151.25,-1.25942613300533
151.375,-1.20128026444574
151.5,-1.14014280516095
151.625,-1.07597657604068
151.75,-1.00875136582954
151.875,-0.938444144712954
152,-0.865039254751272
152.125,-0.78852857614242
152.25,-0.708911668387389
152.375,-0.626195885532445
152.5,-0.540396464765976
152.625,-0.451536587755905
152.75,-0.359647414225059
152.875,-0.264768087376698
153,-0.166945710899779
153.125,-0.0662352974025108
153.25,0.037300311756084
153.375,0.143590555145204
153.5,0.252557288238498
153.625,0.364114948351892
153.75,0.478170747086104
153.875,0.594624889697258
154,0.713370820700592
154.125,0.834295494896622
154.25,0.957279672896558
154.375,1.08219824011437
154.5,1.20892054808759
154.625,1.33731077688856
154.75,1.46722831729187
154.875,1.59852817127353
155,1.73106136933331
155.125,1.86467540305355
155.25,1.9992146712364
155.375,2.1345209378976
155.5,2.27043380033776
155.625,2.40679116546301
155.75,2.54342973248617
155.875,2.68018548010595
156,2.81689415623737
156.125,2.95339176835062
156.25,3.08951507246744
156.375,3.22510205886566
156.5,3.35999243255202
156.625,3.49402808658211
156.75,3.62705356633266
156.875,3.75891652286778
157,3.88946815358403
157.125,4.01856362837127
157.25,4.14606249958697
157.375,4.27182909420845
157.5,4.39573288660357
157.625,4.51764885044234
157.75,4.63745778836079
157.875,4.75504663808429
158,4.87030875381855
158.125,4.98314416182307
158.25,5.09345978919424
158.375,5.20116966500101
158.5,5.30619509303624
158.625,5.40846479557099
158.75,5.50791502762491
158.875,5.60448966139486
159,5.69814024061453
159.125,5.78882600474896
159.25,5.87651388305998
159.375,5.9611784587107
159.5,6.04280190320796
159.625,6.12137388161147
159.75,6.19689142906644
159.875,6.26935879934159
160,6.33878728617652
160.125,6.40519501836117
160.25,6.46860672958421
160.375,6.52905350419642
160.5,6.58657250013999
160.625,6.64120665039228
160.75,6.69300434436534
160.875,6.74201909078801
161,6.78830916367556
161.125,6.83193723306326
161.25,6.87296998224342
161.375,6.91147771330089
161.5,6.94753394278845
161.625,6.98121498942274
161.75,7.0125995557105
161.875,7.04176830543573
162,7.06880343895088
162.125,7.09378826821745
162.25,7.11680679353561
162.375,7.13794328388744
162.5,7.1572818627942
162.625,7.17490610155526
162.75,7.19089862169529
162.875,7.20534070839578
163,7.21831193662953
163.125,7.2298898116503
163.25,7.24014942541648
163.375,7.2491631304465
163.5,7.25700023251622
163.625,7.26372670351398
163.75,7.26940491566899
163.875,7.27409339826282
164,7.27784661782298
164.125,7.28071478268203
164.25,7.28274367266669
164.375,7.28397449455836
164.5,7.28444376384109
164.625,7.28418321312528
164.75,7.28321972750604
164.875,7.28157530698462
165,7.27926705595085
165.125,7.27630719959376
165.25,7.27270312697805
165.375,7.26845746039602
165.5,7.26356815047824
165.625,7.25802859642306
165.75,7.25182779058505
165.875,7.24495048654575
166,7.23737738967888
166.125,7.22908536911467
166.25,7.22004768990674
166.375,7.21023426410933
166.5,7.19961191938347
166.625,7.1881446836681
166.75,7.1757940843772
166.875,7.16251946051591
167,7.14827828604907
167.125,7.1330265028038
167.25,7.11671886114428
167.375,7.09930926662225
167.5,7.08075113078083
167.625,7.0609977242719
167.75,7.04000253043926
167.875,7.01771959752049
168,6.99410388763023
168.125,6.9691116207061
168.25,6.94270061162633
168.375,6.91483059874388
168.5,6.88546356212686
168.625,6.85456402984792
168.75,6.82209937072628
168.875,6.78804007199474
169,6.75236000044033
169.125,6.71503664565022
169.25,6.67605134408453
169.375,6.63538948279342
169.5,6.59304068169777
169.625,6.54899895345966
169.75,6.50326284008045
169.875,6.45583552548027
170,6.40672492343211
170.125,6.35594374034616
170.25,6.30350951252533
170.375,6.24944461763939
170.5,6.19377626029327
170.625,6.1365364316941
170.75,6.07776184354994
170.875,6.01749383646117
171,5.95577826319289
171.125,5.89266534734103
171.25,5.82820951802784
171.375,5.76246922138199
171.5,5.69550670967422
171.625,5.62738780909124
171.75,5.55818166723793
171.875,5.48796048155947
172,5.41679920997095
172.125,5.34477526507252
172.25,5.27196819341119
172.375,5.1984593413262
172.5,5.124331508985
172.625,5.04966859427719
172.75,4.9745552282871
172.875,4.89907640411141
173,4.82331710082394
173.125,4.74736190441786
173.25,4.67129462757507
173.375,4.5951979301222
173.5,4.51915294203411
173.625,4.44323889083831
173.75,4.3675327352573
173.875,4.29210880689967
174,4.21703846177794
174.125,4.14238974338771
174.25,4.06822705903167
174.375,3.9946108710138
174.5,3.92159740426148
174.625,3.84923837185892
174.75,3.77758071989467
174.875,3.70666639293646
175,3.63653212135342
175.125,3.56720923160377
175.25,3.49872348050179
175.375,3.43109491436588
175.5,3.36433775383466
175.625,3.29846030501964
175.75,3.23346489754001
175.875,3.16934784986018
176,3.10609946222434
176.125,3.04370403735301
176.25,2.98213992893713
176.375,2.92137961783623
176.5,2.86138981575705
176.625,2.80213159606067
176.75,2.74356055121983
176.875,2.68562697632285
177,2.62827607789843
177.125,2.57144820721769
177.25,2.51507911711426
177.375,2.4591002412527
177.5,2.40343899467101
177.625,2.34801909432186
177.75,2.29276089824331
177.875,2.23758176190234
178,2.1823964101729
178.125,2.12711732333611
178.25,2.07165513542419
178.375,2.01591904317051
178.5,1.95981722377711
178.625,1.90325725966936
178.75,1.84614656837247
178.875,1.78839283561942
179,1.72990444978347
179.125,1.67059093571993
179.25,1.61036338610267
179.375,1.54913488835118
179.5,1.48682094526163
179.625,1.42333988748235
179.75,1.35861327601059
179.875,1.29256629293031
180,1.2251281186627
180.125,1.15623229406207
180.25,1.08581706575585
180.375,1.01382571320247
180.5,0.940206856023027
180.625,0.864914740249921
180.75,0.787909502229635
180.875,0.70915740901746
181,0.628631074205942
181.125,0.546309648238316
181.25,0.462178982372742
181.375,0.376231765579459
181.5,0.288467633773363
181.625,0.198893250908016
181.75,0.107522361581027
181.875,0.0143758149266541
182,-0.0805184403008827
182.125,-0.177125389423895
182.25,-0.275403014161571
182.375,-0.375302383292012
182.5,-0.476767771250754
182.625,-0.579736804139028
182.75,-0.684140632495171
182.875,-0.789904130067892
183,-0.896946117718151
183.125,-1.00517961146817
183.25,-1.11451209361403
183.375,-1.22484580572095
183.5,-1.33607806222748
183.625,-1.44810158330024
183.75,-1.56080484550109
183.875,-1.67407244875582
184,-1.78778549804847
184.125,-1.90182199820753
184.25,-2.01605726009923
184.375,-2.13036431650113
184.5,-2.24461434589484
184.625,-2.35867710238938
184.75,-2.47242134996923
184.875,-2.58571529925119
185,-2.69842704493151
185.125,-2.81042500211217
185.25,-2.92157833970974
185.375,-3.03175740917211
185.5,-3.14083416675991
185.625,-3.24868258768756
185.75,-3.35517907046412
185.875,-3.46020282982779
186,-3.56363627672793
186.125,-3.6653653838746
186.25,-3.76528003544911
186.375,-3.86327435964794
186.5,-3.95924704281638
186.625,-4.05310162401805
186.75,-4.14474676898095
186.875,-4.23409652245808
187,-4.32107053814356
187.125,-4.40559428539017
187.25,-4.48759923208169
187.375,-4.56702300312388
187.5,-4.6438095141297
187.625,-4.71790907998651
187.75,-4.78927849810681
187.875,-4.85788110627738
188,-4.92368681513395
188.125,-4.9866721154008
188.25,-5.04682006014463
188.375,-5.10412022240002
188.5,-5.15856862862938
188.625,-5.21016766858284
188.75,-5.25892598222223
188.875,-5.30485832446833
189,-5.34798540862125
189.125,-5.38833372938954
189.25,-5.42593536654393
189.375,-5.46082777028749
189.5,-5.49305352950246
189.625,-5.5226601240978
189.75,-5.54969966273831
189.875,-5.57422860728629
190,-5.59630748533037
190.125,-5.61600059221301
190.25,-5.63337568399732
190.375,-5.64850366283694
190.5,-5.66145825622767
190.625,-5.67231569162793
190.75,-5.68115436793621
190.875,-5.68805452530763
191,-5.69309791477876
191.125,-5.69636746914989
191.25,-5.69794697654771
191.375,-5.69792075805792
191.5,-5.69637335077816
191.625,-5.69338919759644
191.75,-5.68905234494878
191.875,-5.68344614975362
192,-5.67665299665859
192.125,-5.6687540266691
192.25,-5.65982887815726
192.375,-5.6499554411749
192.5,-5.63920962591633
192.625,-5.62766514609464
192.75,-5.61539331791171
192.875,-5.60246287521512
193,-5.5889398013474
193.125,-5.57488717810322
193.25,-5.56036505211991
193.375,-5.54543031893577
193.5,-5.53013662485997
193.625,-5.51453428670746
193.75,-5.49867022936342
193.875,-5.48258794105353
194,-5.46632744611065
194.125,-5.44992529494486
194.25,-5.43341457084256
194.375,-5.41682491314268
194.5,-5.40018255626341
194.625,-5.38351038398225
194.75,-5.36682799830542
194.875,-5.35015180220101
195,-5.33349509541205
195.125,-5.31686818251378
195.25,-5.30027849233195
195.375,-5.28373070779654
195.5,-5.26722690526949
195.625,-5.25076670235371
195.75,-5.23434741316577
195.875,-5.21796421003543
196,-5.20161029058179
196.125,-5.18527704910825
196.25,-5.16895425125703
196.375,-5.1526302108678
196.5,-5.13629196799514
196.625,-5.11992546705478
196.75,-5.10351573408949
196.875,-5.0870470521716
197,-5.07050313399052
197.125,-5.05386729070935
197.25,-5.03712259621571
197.375,-5.02025204593659
197.5,-5.00323870943622
197.625,-4.98606587606857
197.75,-4.96871719301227
197.875,-4.95117679507469
198,-4.93342942571406
198.125,-4.9154605487921
198.25,-4.89725645063614
198.375,-4.87880433205691
198.5,-4.86009239003672
198.625,-4.84110988887256
198.75,-4.82184722062768
198.875,-4.80229595481531
199,-4.7824488773069
199.125,-4.76230001852564
199.25,-4.74184467105282
199.375,-4.72107939684003
199.5,-4.70000202428321
199.625,-4.67861163547562
199.75,-4.65690854401507
199.875,-4.63489426379562
200,-4.61257146926615
200.125,-4.58994394768616
200.25,-4.56701654395377
200.375,-4.54379509862093
200.5,-4.52028637974714
200.625,-4.49649800927401
200.75,-4.47243838463039
200.875,-4.44811659629927
201,-4.42354234209526
201.125,-4.39872583891328
201.25,-4.37367773271672
201.375,-4.34840900753491
201.5,-4.32293089423747
201.625,-4.29725477984477
201.75,-4.27139211812145
201.875,-4.24535434218202
202,-4.21915277981553
202.125,-4.19279857220955
202.25,-4.16630259672249
202.375,-4.13967539431812
202.5,-4.11292710223688
202.625,-4.08606739243577
202.75,-4.05910541628237
202.875,-4.03204975593903
203,-4.00490838282121
203.125,-3.97768862345922
203.25,-3.95039713303584
203.375,-3.92303987681353
203.5,-3.89562211960508
203.625,-3.86814842338043
203.75,-3.8406226530402
203.875,-3.81304799032511
204,-3.78542695576753
204.125,-3.75776143853057
204.25,-3.73005273391886
204.375,-3.70230158828599
204.5,-3.67450825100522
204.625,-3.64667253311452
204.75,-3.61879387219296
204.875,-3.59087140297434
205,-3.56290403315611
205.125,-3.53489052381652
205.25,-3.50682957381157
205.375,-3.47871990748613
205.5,-3.4505603649999
205.625,-3.42234999453979
205.75,-3.39408814566584
205.875,-3.36577456301775
206,-3.33740947959383
206.125,-3.30899370880439
206.25,-3.2805287344961
206.375,-3.25201679814401
206.5,-3.22346098241322
206.625,-3.19486529030226
206.75,-3.16623471909582
206.875,-3.13757532837519
207,-3.10889430136012
207.125,-3.08019999888631
207.25,-3.05150200535828
207.375,-3.02281116605696
207.5,-2.9941396152255
207.625,-2.9655007944059
207.75,-2.93690946055068
207.875,-2.90838168349044
208,-2.87993483239767
208.125,-2.85158755094946
208.25,-2.82335972095736
208.375,-2.79527241430034
208.5,-2.76734783306671
208.625,-2.73960923788188
208.75,-2.71208086447232
208.875,-2.68478782858902
209,-2.65775601948819
209.125,-2.63101198224092
209.25,-2.60458278921755
209.375,-2.57849590116496
209.5,-2.55277901836735
209.625,-2.52745992245092
209.75,-2.50256630946094
209.875,-2.47812561490557
210,-2.45416483152374
210.125,-2.43071032059364
210.25,-2.40778761765501
210.375,-2.38542123357029
210.5,-2.36363445189766
210.625,-2.34244912359238
210.75,-2.32188546009152
210.875,-2.30196182587018
211,-2.28269453158579
211.125,-2.26409762894919
211.25,-2.24618270847797
211.375,-2.22895870129848
211.5,-2.21243168616731
211.625,-2.19660470288186
211.75,-2.18147757324191
211.875,-2.16704673071007
212,-2.15330505989892
212.125,-2.14024174698625
212.25,-2.12784214212732
212.375,-2.1160876348942
212.5,-2.10495554372807
212.625,-2.09441902033979
212.75,-2.08444696993807
212.875,-2.07500398810373
213,-2.06605031506162
213.125,-2.05754180803092
213.25,-2.04942993225885
213.375,-2.04166177126274
213.5,-2.03418005672165
213.625,-2.0269232183719
213.75,-2.01982545417035
213.875,-2.01281682089633
214,-2.00582334526852
214.125,-1.99876715555608
214.25,-1.99156663356503
214.375,-1.98413658678268
214.5,-1.97638844036323
214.625,-1.96823044853899
214.75,-1.95956792494336
214.875,-1.95030349123453
215,-1.94033734331345
215.125,-1.92956753433633
215.25,-1.91789027363127
215.375,-1.90520024054086
215.5,-1.89139091212872
215.625,-1.87635490360812
215.75,-1.85998432027442
215.875,-1.8421711196535
216,-1.82280748251168
216.125,-1.80178619131337
216.25,-1.77900101465862
216.375,-1.75434709618472
216.5,-1.727721346375
216.625,-1.69902283568378
216.75,-1.6681531873587
216.875,-1.63501696832169
217,-1.59952207645722
217.125,-1.56158012265116
217.25,-1.52110680592565
217.375,-1.47802228002605
217.5,-1.43225150983311
217.625,-1.38372461599904
217.75,-1.33237720623939
217.875,-1.27815069175266
218,-1.22099258728755
218.125,-1.16085679343282
218.25,-1.0977038597668
218.375,-1.03150122757188
218.5,-0.962223450895328
218.625,-0.889852394818642
218.75,-0.814377409884819
218.875,-0.735795481726415
219,-0.654111355034361
219.125,-0.569337631110156
219.25,-0.481494838351201
219.375,-0.390611475129066
219.5,-0.296724024634093
219.625,-0.199876941376852
219.75,-0.100122609155032
219.875,0.00247872958522158
220,0.107859072942469
220.125,0.215942787134993
220.25,0.326646762163004
220.375,0.439880595141076
220.5,0.555546800764076
220.625,0.673541048251035
220.75,0.793752423994203
220.875,0.916063719027382
221,1.04035174031722
221.125,1.16648764477376
221.25,1.2943372947752
221.375,1.42376163390378
221.5,1.55461708149807
221.625,1.68675594454018
221.75,1.82002684531639
221.875,1.95427516321685
222,2.08934348897203
222.125,2.2250720895656
222.25,2.36129938201132
222.375,2.49786241413715
222.5,2.63459735048473
222.625,2.77133996140487
222.75,2.90792611341002
222.875,3.04419225883489
223,3.17997592285466
223.125,3.31511618591621
223.25,3.44945415965421
223.375,3.58283345438797
223.5,3.71510063632695
223.625,3.84610567265468
223.75,3.97570236271027
223.875,4.10374875354327
224,4.23010753818367
224.125,4.3546464350417
224.25,4.47723854693118
224.375,4.59776269829766
224.5,4.7161037493264
224.625,4.83215288570324
224.75,4.94580788290758
224.875,5.05697334402687
225,5.16556091019578
225.125,5.27148944288325
225.25,5.374685177373
225.375,5.47508184690793
225.5,5.5726207770977
225.625,5.66725095031866
225.75,5.75892903996579
225.875,5.84761941454902
226,5.93329411175803
226.125,6.0159327827507
226.25,6.09552260705106
226.375,6.17205817857121
226.5,6.24554136339747
226.625,6.31598113010446
226.75,6.38339335348101
226.875,6.44780059266677
227,6.50923184480998
227.125,6.56772227546309
227.25,6.62331292703257
227.375,6.67605040669429
227.5,6.72598655527355
227.625,6.77317809866923
227.75,6.81768628347573
227.875,6.85957649852207
228,6.89891788410531
228.125,6.93578293074545
228.25,6.97024706933034
228.375,7.00238825455141
228.5,7.03228654355499
228.625,7.06002367174942
228.75,7.08568262771309
228.875,7.10934722914627
229,7.13110170179738
229.125,7.15103026327281
229.25,7.16921671361022
229.375,7.18574403445629
229.5,7.20069399864285
229.625,7.21414679189992
229.75,7.2261806483813
229.875,7.23687150160614
230,7.24629265234274
230.125,7.25451445487425
230.25,7.26160402299439
230.375,7.26762495698268
230.5,7.27263709270514
230.625,7.27669627387637
230.75,7.27985414840608
230.875,7.28215798963403
231,7.28365054313656
231.125,7.28436989966252
231.25,7.28434939462995
231.375,7.28361753448544
231.5,7.28219795009836
231.625,7.28010937723122
231.75,7.27736566399707
231.875,7.2739758050844
232,7.26994400240185
232.125,7.26526975166765
232.25,7.25994795434483
232.375,7.2539690542017
232.5,7.24731919765953
232.625,7.23998041697613
232.75,7.23193083520522
232.875,7.22314489176803
233,7.21359358737644
233.125,7.20324474695475
233.25,7.19206329912338
233.375,7.18001157072926
233.5,7.1670495948381
233.625,7.1531354305406
233.75,7.13822549287087
233.875,7.12227489108846
234,7.10523777353843
234.125,7.08706767727447
234.25,7.06771788061012
234.375,7.04714175675218
234.5,7.02529312666784
234.625,7.00212660934388
234.75,6.9775979676124
234.875,6.95166444774144
235,6.9242851110227
235.125,6.89542115563009
235.25,6.86503622707342
235.375,6.8330967156294
235.5,6.79957203919892
235.625,6.76443491011273
235.75,6.72766158448887
235.875,6.68923209283278
236,6.64913045066487
236.125,6.60734484806021
236.25,6.56386781709051
236.375,6.51869637626838
236.5,6.47183215120863
236.625,6.42328147083959
236.75,6.37305543861913
236.875,6.32116997833408
237,6.2676458541883
237.125,6.21250866501222
237.25,6.15578881255513
237.375,6.09752144395064
237.5,6.03774636857372
237.625,5.9765079496351
237.75,5.91385497098491
237.875,5.84984047972036
238,5.78452160531311
238.125,5.71795935608924
238.25,5.65021839400798
238.375,5.58136678879353
238.5,5.51147575257872
238.625,5.44061935631683
238.75,5.36887422930975
238.875,5.296319243287
239,5.22303518254813
239.125,5.14910440175263
239.25,5.07461047300579
239.375,4.99963782394435
239.5,4.9242713685737
239.625,4.84859613264806
239.75,4.77269687541567
239.875,4.69665770957263
240,4.62056172128318
240.125,4.54449059212761
240.25,4.46852422483459
240.375,4.39274037464139
240.5,4.31721428810294
240.625,4.24201835113887
240.75,4.16722174806914
240.875,4.0928901333396
241,4.01908531758277
241.125,3.9458649695953
241.25,3.87328233574114
241.375,3.80138597821039
241.5,3.73021953347814
241.625,3.65982149221486
241.75,3.59022500180098
241.875,3.521457692495
242,3.45354152819462
242.125,3.38649268261662
242.25,3.32032144160396
242.375,3.2550321321469
242.5,3.19062307858058
242.625,3.12708658629594
242.75,3.06440895317186
242.875,3.00257050880741
243,2.94154568150379
243.125,2.88130309281562
243.25,2.82180567936205
243.375,2.7630108414618
243.5,2.7048706180294
243.625,2.64733188704774
243.75,2.59033659081199
243.875,2.53382198502386
244,2.47772091070254
244.125,2.42196208777286
244.25,2.36647042908777
244.375,2.31116737354695
244.5,2.25597123688309
244.625,2.20079757860406
244.75,2.14555958350255
244.875,2.09016845607559
245,2.03453382613563
245.125,1.97856416384057
245.25,1.92216720232482
245.375,1.86525036607762
245.5,1.80772120318517
245.625,1.74948781953409
245.75,1.69045931306293
245.875,1.63054620614634
246,1.56966087420234
246.125,1.50771796863022
246.25,1.44463483220926
246.375,1.38033190512168
246.5,1.31473311980475
246.625,1.2477662828858
246.75,1.1793634425107
246.875,1.10946123944268
247,1.03800124037898
247.125,0.964930252013075
247.25,0.890200614455896
247.375,0.81377047272177
247.5,0.735604025081701
247.625,0.655671747191537
247.75,0.573950591008985
247.875,0.490424157626355
248,0.405082843262388
248.125,0.317923957775431
248.25,0.228951815181775
248.375,0.138177795788421
248.5,0.0456203796738123
248.625,-0.0486948486229719
248.75,-0.144735224216582
248.875,-0.242461054679384
249,-0.34182570129545
249.125,-0.442775688399504
249.25,-0.545250840314386
249.375,-0.649184445280603
249.5,-0.754503445653895
249.625,-0.861128653534532
249.75,-0.968974990882896
249.875,-1.07795175307079
250,-1.18796289471928
250.125,-1.29890733658043
250.25,-1.41067929213105
250.375,-1.52316861246678
250.5,-1.63626114800903
250.625,-1.74983912546966
250.75,-1.86378153845785
250.875,-1.97796455006116
251,-2.09226190568652
251.125,-2.2065453544106
251.25,-2.32068507705974
251.375,-2.43455011921794
251.5,-2.5480088273493
251.625,-2.66092928621706
251.75,-2.77317975578397
251.875,-2.88462910579194
252,-2.99514724623829
252.125,-3.10460555199384
252.25,-3.21287727984407
252.375,-3.31983797627806
252.5,-3.42536587440003
252.625,-3.5293422783966
252.75,-3.63165193405723
252.875,-3.73218338391607
253,-3.83082930566032
253.125,-3.92748683253353
253.25,-4.02205785454893
253.375,-4.1144492994217
253.5,-4.20457339222532
253.625,-4.29234789287836
253.75,-4.37769631067188
253.875,-4.46054809515539
254,-4.54083880280763
254.125,-4.61851023903053
254.25,-4.69351057511686
254.375,-4.76579443995485
254.5,-4.83532298634693
254.625,-4.90206393193268
254.75,-4.96599157481781
254.875,-5.02708678412212
255,-5.08533696576819
255.125,-5.14073600393872
255.25,-5.193284178734
255.375,-5.24298806066155
255.5,-5.28986038268549
255.625,-5.33391989065611
255.75,-5.375191173027
255.875,-5.41370447084962
256,-5.44949546911229
256.125,-5.48260507056179
256.25,-5.51307915321111
256.375,-5.54096831279574
256.5,-5.56632759149383
256.625,-5.58921619427077
256.75,-5.60969719424835
256.875,-5.62783722853017
257,-5.64370618594018
257.125,-5.65737688814865
257.25,-5.66892476567104
257.375,-5.67842753022787
257.5,-5.685964844951
257.625,-5.69161799391011
257.75,-5.69546955241639
257.875,-5.69760305953549
258,-5.69810269421145
258.125,-5.69705295636541
258.25,-5.69453835429033
258.375,-5.69064309961288
258.5,-5.68545081103964
258.625,-5.67904422804419
258.75,-5.67150493558725
258.875,-5.66291310089241
259,-5.65334722322657
259.125,-5.64288389755709
259.25,-5.63159759287727
259.375,-5.61956044590811
259.5,-5.60684207079911
259.625,-5.59350938536274
259.75,-5.5796264542884
259.875,-5.56525434969124
260,-5.55045102926082
260.125,-5.53527123218335
260.25,-5.51976639292125
260.375,-5.50398457284379
260.5,-5.48797040961452
260.625,-5.4717650841543
260.75,-5.4554063049145
260.875,-5.4389283091129
261,-5.42236188050573
261.125,-5.40573438319387
261.25,-5.38906981088897
261.375,-5.37238885099749
261.5,-5.35570896281688
261.625,-5.33904446907905
261.75,-5.3224066600222
261.875,-5.30580390912292
262,-5.2892417995766
262.125,-5.2727232605761
262.25,-5.25624871240554
262.375,-5.23981621933954
262.5,-5.22342164931656
262.625,-5.20705883934016
262.75,-5.19071976555213
262.875,-5.17439471691799
263,-5.15807247146774
263.125,-5.14174047404234
263.25,-5.12538501451029
263.375,-5.10899140543757
263.5,-5.09254415821872
263.625,-5.0760271567063
263.75,-5.05942382741044
263.875,-5.04271730537948
264,-5.02589059491612
264.125,-5.00892672433121
264.25,-4.99180889398887
264.375,-4.97452061695177
264.5,-4.95704585159314
264.625,-4.93936912560356
264.75,-4.92147565088354
264.875,-4.90335142887848
265,-4.8849833459796
265.125,-4.86635925868285
265.25,-4.84746806826656
265.375,-4.82829978481895
265.5,-4.80884558051524
265.625,-4.78909783211442
265.75,-4.76905015271332
265.875,-4.74869741286393
266,-4.7280357512248
266.125,-4.70706257498227
266.25,-4.68577655033824
266.375,-4.66417758342083
266.5,-4.64226679203013
266.625,-4.62004646868455
266.75,-4.59752003548241
266.875,-4.57469199133949
267,-4.5515678522044
267.125,-4.52815408489187
267.25,-4.50445803520599
267.375,-4.48048785105496
267.5,-4.45625240128154
267.625,-4.43176119095307
267.75,-4.40702427386789
267.875,-4.38205216304492
268,-4.3568557399657
268.125,-4.33144616333836
268.25,-4.30583477814561
268.375,-4.28003302572865
268.5,-4.25405235564228
268.625,-4.22790413999625
268.75,-4.20159959097236
268.875,-4.17514968217738
269,-4.14856507445755
269.125,-4.12185604676308
269.25,-4.09503243260887
269.375,-4.06810356263287
269.5,-4.04107821370487
269.625,-4.01396456498754
269.75,-3.98677016129719
269.875,-3.95950188405612
270,-3.93216593006985
270.125,-3.90476779830334
270.25,-3.87731228476919
270.375,-3.84980348557945
270.5,-3.82224480815026
270.625,-3.79463899048698
270.75,-3.76698812841503
270.875,-3.73929371056113
271,-3.71155666082931
271.125,-3.68377738805784
271.25,-3.65595584248601
271.375,-3.62809157860581
271.5,-3.60018382392119
271.625,-3.57223155308814
271.75,-3.5442335668637
271.875,-3.51618857524854
272,-3.48809528416942
272.125,-3.45995248501315
272.25,-3.43175914629273
272.375,-3.40351450670035
272.5,-3.37521816878071
272.625,-3.34687019244073
272.75,-3.31847118750061
272.875,-3.29002240448385
273,-3.26152582284249
273.125,-3.23298423581698
273.25,-3.20440133113904
273.375,-3.17578176679928
273.5,-3.14713124112044
273.625,-3.11845655640095
273.75,-3.08976567542259
273.875,-3.06106777014906
274,-3.03237326198177
274.125,-3.00369385298064
274.25,-2.97504254750601
274.375,-2.94643366378794
274.5,-2.91788283498494
274.625,-2.88940699935174
274.75,-2.8610243791981
274.875,-2.83275444838465
275,-2.80461788816869
275.125,-2.77663653128254
275.25,-2.74883329419754
275.375,-2.721232097599
275.5,-2.69385777517172
275.625,-2.66673597086825
275.75,-2.63989302490762
275.875,-2.61335584882503
276,-2.5871517899674
276.125,-2.56130848590068
276.25,-2.53585370926672
276.375,-2.51081520369562
276.5,-2.48622051144623
276.625,-2.46209679351137
276.75,-2.43847064298527
276.875,-2.41536789254752
277,-2.39281341697216
277.125,-2.37083093161918
277.25,-2.34944278791101
277.375,-2.32866976683668
277.5,-2.30853087156156
277.625,-2.28904312024998
277.75,-2.27022134023306
277.875,-2.25207796467218
278,-2.23462283288134
278.125,-2.2178629954787
278.25,-2.20180252553792
278.375,-2.18644233690427
278.5,-2.17178001082902
278.625,-2.15780963205732
278.75,-2.14452163548011
278.875,-2.13190266443093
279,-2.11993544167111
279.125,-2.10859865406443
279.25,-2.09786685189446
279.375,-2.08771036372275
279.5,-2.07809522762754
279.625,-2.06898313959708
279.75,-2.06033141978295
279.875,-2.05209299724349
280,-2.04421641372983
280.125,-2.03664584698401
280.25,-2.02932115393264
280.375,-2.02217793407065
280.5,-2.01514761323715
280.625,-2.00815754789149
280.75,-2.00113114990128
280.875,-1.99398803175631
281,-1.98664417202397
281.125,-1.9790121007623
281.25,-1.97100110450844
281.375,-1.96251745036068
281.5,-1.95346462857575
281.625,-1.94374361300645
281.75,-1.93325313861037
281.875,-1.92188999516957
282,-1.90954933627189
282.125,-1.89612500251909
282.25,-1.88150985784653
282.375,-1.86559613776072
282.5,-1.8482758082298
282.625,-1.82944093389379
282.75,-1.80898405420038
282.875,-1.78679856601522
283,-1.76277911120664
283.125,-1.73682196766068
283.25,-1.70882544214592
283.375,-1.67869026341789
283.5,-1.64631997393025
283.625,-1.61162131850454
283.75,-1.57450462830293
283.875,-1.53488419844781
284,-1.49267865763978
284.125,-1.4478113281407
284.25,-1.40021057451129
284.375,-1.34981013952287
284.5,-1.29654946570139
284.625,-1.24037400100672
284.75,-1.18123548720294
284.875,-1.11909222953521
285,-1.05390934639544
285.125,-0.985658997731382
285.25,-0.914320591034249
285.375,-0.839880963824609
285.5,-0.762334541647139
285.625,-0.681683470681868
285.75,-0.597937724179598
285.875,-0.511115182035007
286,-0.421241682920278
286.125,-0.328351048514625
286.25,-0.232485079480496
286.375,-0.133693522955819
286.5,-0.0320340114510335
286.625,0.0724280268391626
286.75,0.179619486177039
286.875,0.289459729621691
287,0.401860763192051
287.125,0.51672743735525
287.25,0.633957675224596
287.375,0.753442726733152
287.5,0.875067447934436
287.625,0.998710604469907
287.75,1.12424519813561
287.875,1.2515388153755
288,1.38045399643085
288.125,1.51084862378086
288.25,1.64257632842129
288.375,1.77548691244527
288.5,1.90942678631613
288.625,2.04423941915095
288.75,2.17976580027373
288.875,2.3158449102418
289,2.45231419950292
289.125,2.58901007280162
289.25,2.72576837742411
289.375,2.86242489334786
289.5,2.9988158233498
289.625,3.13477828112174
289.75,3.27015077544594
289.875,3.40477368849571
290,3.5384897463486
290.125,3.67114447982781
290.25,3.80258667382719
290.375,3.93266880332144
290.5,4.06124745431748
290.625,4.18818372806594
290.75,4.3133436269226
290.875,4.4365984203257
291,4.55782498944142
291.125,4.67690614911972
291.25,4.79373094590075
291.375,4.90819493091517
291.5,5.02020040662988
291.625,5.12965664650477
291.75,5.23648008674274
291.875,5.34059448943716
292,5.44193107654618
292.125,5.54042863424903
292.25,5.63603358737047
292.375,5.72870004368954
292.5,5.81838980808059
292.625,5.90507236656642
292.75,5.98872484049592
292.875,6.06933191118802
293,6.14688571551381
293.125,6.22138571301594
293.25,6.29283852528765
293.375,6.36125774845597
293.5,6.42666373973017
293.625,6.48908337908911
293.75,6.54854980728935
293.875,6.60510214147804
294,6.65878516979084
294.125,6.70964902640517
294.25,6.75774884860292
294.375,6.80314441747184
294.5,6.845899783944
294.625,6.88608288193054
294.75,6.9237651303636
294.875,6.95902102600144
295,6.99192772888765
295.125,7.02256464238241
295.25,7.05101298970145
295.375,7.07735538890768
295.5,7.10167542829984
295.625,7.12405724413377
295.75,7.14458510259402
295.875,7.16334298790598
296,7.18041419844356
296.125,7.19588095264322
296.25,7.20982400648193
296.375,7.22232228421659
296.5,7.23345252401351
296.625,7.2432889400204
296.75,7.25190290235023
296.875,7.25936263635658
297,7.2657329424831
297.125,7.27107493786837
297.25,7.27544582077935
297.375,7.27889865883448
297.5,7.28148220186046
297.625,7.28324072010678
297.75,7.28421386841759
297.875,7.28443657683486
298,7.28393896797788
298.125,7.28274630141491
298.25,7.28087894511156
298.375,7.27835237391055
298.5,7.27517719486635
298.625,7.27135919912993
298.75,7.26689943995036
298.875,7.26179433623561
299,7.25603580099202
299.125,7.24961139384302
299.25,7.2425044967134
299.375,7.23469451165419
299.5,7.22615707967914
299.625,7.21686431938305
299.75,7.20678508401977
299.875,7.19588523562982
300,7.18412793472804
300.125,7.17147394398874
300.25,7.15788194430048
300.375,7.14330886150592
300.5,7.12771020209278
300.625,7.11104039606155
300.75,7.09325314516401
300.875,7.07430177468322
301,7.05413958691161
301.125,7.03272021447864
301.25,7.00999797168324
301.375,6.98592820199879
301.5,6.96046761994045
301.625,6.9335746455145
301.75,6.90520972950887
301.875,6.87533566793112
302,6.8439179039563
302.125,6.81092481580992
302.25,6.77632798908359
302.375,6.7401024720585
302.5,6.70222701269766
302.625,6.66268427605997
302.75,6.62146104098681
302.875,6.57854837501534
303,6.53394178658171
303.125,6.48764135369005
303.25,6.43965182834043
303.375,6.38998271612958
303.5,6.33864833056167
303.625,6.28566782173163
303.75,6.23106517917149
303.875,6.17486920877822
304,6.11711348387005
304.125,6.05783627054749
304.25,5.99708042766249
304.375,5.93489328182546
304.5,5.87132647800469
304.625,5.80643580639371
304.75,5.74028100634075
304.875,5.67292554824924
305,5.60443639446833
305.125,5.53488374029767
305.25,5.46434073633107
305.375,5.39288319345739
305.5,5.32058927192483
305.625,5.24753915595625
305.75,5.1738147154765
305.875,5.09949915657947
306,5.0246766624214
306.125,4.94943202627696
306.25,4.87385027853737
306.375,4.79801630946317
306.5,4.72201448952942
306.625,4.64592828921692
306.75,4.56983990011085
306.875,4.49382985916606
307,4.41797667798764
307.125,4.34235647895641
307.25,4.26704264000025
307.375,4.19210544977503
307.5,4.1176117749745
307.625,4.04362474143373
307.75,3.97020343062949
307.875,3.89740259311195
308,3.8252723803246
308.125,3.75385809618601
308.25,3.68319996971646
308.375,3.61333294989626
308.5,3.54428652383921
308.625,3.47608455925868
308.75,3.40874517209003
308.875,3.34228062001731
309,3.2766972225321
309.125,3.21199530802873
309.25,3.14816918831444
309.375,3.08520716078601
309.5,3.02309153839459
309.625,2.96179870739132
309.75,2.90129921271676
309.875,2.84155787076789
310,2.7825339091479
310.125,2.72418113287889
310.25,2.66644811643263
310.375,2.60927842081403
310.5,2.55261083481449
310.625,2.4963796394391
310.75,2.44051489440186
310.875,2.38494274548093
311,2.32958575142632
311.125,2.27436322902089
311.25,2.21919161481006
311.375,2.16398484193658
311.5,2.10865473044478
311.625,2.0531113893557
311.75,1.99726362875724
311.875,1.94101938010604
312,1.88428612289794
312.125,1.82697131583294
312.25,1.76898283057689
312.375,1.71022938621011
312.5,1.65062098244655
312.625,1.59006932971128
312.75,1.52848827417731
312.875,1.46579421588326
313,1.4019065180831
313.125,1.3367479060187
313.25,1.27024485335101
313.375,1.20232795454131
313.5,1.13293228153594
313.625,1.06199772317819
313.75,0.989469305846828
313.875,0.915297493906415
314,0.839438468642825
314.125,0.761854384454045
314.25,0.6825136011684
314.375,0.601390891467784
314.5,0.518467622505296
314.625,0.433731910920657
314.75,0.347178750576275
314.875,0.258810112457135
315,0.168635016300908
315.125,0.0766695736512001
315.25,-0.0170629978482986
315.375,-0.112532388973564
315.5,-0.209701242181546
315.625,-0.308525223414977
315.75,-0.408953122127945
315.875,-0.51092697908544
316,-0.614382241369986
316.125,-0.719247943910891
316.25,-0.825446916736045
316.375,-0.932896017036862
316.5,-1.04150638503075
316.625,-1.15118372250379
316.75,-1.26182859282121
316.875,-1.37333674110384
317,-1.48559943318364
317.125,-1.59850381187588
317.25,-1.71193326903465
317.375,-1.82576783179532
317.5,-1.93988456135234
317.625,-2.05415796257331
317.75,-2.16846040270936
317.875,-2.28266253743104
318,-2.39663374239477
318.125,-2.51024254852922
318.25,-2.62335707922383
318.375,-2.7358454876034
318.5,-2.8475763920804
318.625,-2.95841930839551
318.75,-3.06824507638136
318.875,-3.17692627971787
319,-3.28433765698827
319.125,-3.39035650239373
319.25,-3.49486305453891
319.375,-3.59774087176406
319.5,-3.69887719256744
319.625,-3.79816327973724
319.75,-3.89549474689232
319.875,-3.99077186621841
320,-4.08389985627598
320.125,-4.17478914885289
320.25,-4.26335563393411
320.375,-4.34952088196334
320.5,-4.43321234267856
320.625,-4.51436351991142
320.75,-4.59291412185125
320.875,-4.66881018638664
321,-4.7420041812503
321.125,-4.81245507880656
321.25,-4.8801284054336
321.375,-4.94499626556568
321.5,-5.00703734057093
321.625,-5.06623686275083
321.75,-5.12258656485395
321.875,-5.17608460560142
322,-5.22673547182291
322.125,-5.27454985789951
322.25,-5.31954452330319
322.375,-5.36174212911211
322.5,-5.40117105446449
322.625,-5.43786519399308
322.75,-5.47186373735522
322.875,-5.50321093204112
323,-5.53195583070356
323.125,-5.55815202430773
323.25,-5.5818573624472
323.375,-5.60313366221397
323.5,-5.62204640704425
323.625,-5.63866443698961
323.75,-5.65305963188243
323.875,-5.66530658887848
324,-5.67548229586446
324.125,-5.68366580221767
324.25,-5.68993788839621
324.375,-5.69438073582314
324.5,-5.69707759850565
324.625,-5.69811247780172
324.75,-5.69756980171163
324.875,-5.69553411003013
325,-5.69208974664794
325.125,-5.68732056023824
325.25,-5.68130961450546
325.375,-5.67413890911072
325.5,-5.66588911231971
325.625,-5.65663930634753
325.75,-5.64646674629834
325.875,-5.63544663351843
326,-5.62365190409918
326.125,-5.61115303318107
326.25,-5.59801785562289
326.375,-5.58431140351204
326.5,-5.57009576090102
326.625,-5.55542993606575
326.75,-5.54036975148949
326.875,-5.5249677516863
327,-5.50927312888744
327.125,-5.49333166652573
327.25,-5.47718570036547
327.375,-5.46087409704017
327.5,-5.44443224967777
327.625,-5.42789209021281
327.75,-5.41128211790811
327.875,-5.39462744353579
328,-5.37794984859727
328.125,-5.36126785889764
328.25,-5.34459683172835
328.375,-5.3279490558572
328.5,-5.31133386347283
328.625,-5.29475775318621
328.75,-5.27822452315096
328.875,-5.26173541332972
329,-5.24528925590525
329.125,-5.22888263281133
329.25,-5.21251003934175
329.375,-5.19616405278373
329.5,-5.17983550501708
329.625,-5.16351365802025
329.75,-5.1471863812308
329.875,-5.13084032971927
330,-5.11446112215292
330.125,-5.0980335175483
330.25,-5.08154158983949
330.375,-5.0649688993218
330.5,-5.04829866006822
330.625,-5.03151390245817
330.75,-5.01459763000425
330.875,-4.99753296971323
331,-4.98030331527119
331.125,-4.96289246239991
331.25,-4.94528473579187
331.375,-4.92746510709331
331.5,-4.90941930347034
331.625,-4.89113390635879
331.75,-4.87259644006709
331.875,-4.85379544996995
332,-4.83472057010046
332.125,-4.8153625800174
332.25,-4.79571345089463
332.375,-4.77576638084762
332.5,-4.75551581958057
332.625,-4.73495748250336
332.75,-4.71408835453289
332.875,-4.69290668385525
333,-4.67141196598568
333.125,-4.6496049185201
333.25,-4.62748744702646
333.375,-4.60506260257446
333.5,-4.58233453144949
333.625,-4.55930841763944
333.75,-4.5359904187222
333.875,-4.51238759581555
334,-4.48850783828209
334.125,-4.4643597839059
334.25,-4.43995273527921
334.375,-4.41529657315185
334.5,-4.3904016675077
334.625,-4.36527878713689
334.75,-4.33993900847412
334.875,-4.3143936244677
335,-4.28865405423561
335.125,-4.26273175424962
335.25,-4.23663813177
335.375,-4.21038446122905
335.5,-4.18398180423422
335.625,-4.15744093382799
335.75,-4.13077226360632
335.875,-4.10398578225585
336,-4.07709099402701
336.125,-4.05009686561207
336.25,-4.02301177984748
336.375,-3.99584349660611
336.5,-3.96859912119026
336.625,-3.94128508047827
336.75,-3.91390710701884
336.875,-3.88647023120646
337,-3.85897878161012
337.125,-3.83143639346533
337.25,-3.80384602527766
337.375,-3.77620998342376
337.5,-3.74852995457456
337.625,-3.72080704570509
337.75,-3.69304183139614
337.875,-3.66523440807579
338,-3.63738445479327
338.125,-3.60949130006507
338.25,-3.58155399428297
338.375,-3.55357138712627
338.5,-3.52554220937731
338.625,-3.49746515849891
338.75,-3.46933898729625
338.875,-3.44116259495394
339,-3.41293511971095
339.125,-3.38465603241349
339.25,-3.35632523016715
339.375,-3.32794312929641
339.5,-3.29951075681103
339.625,-3.27102983957539
339.75,-3.24250289037869
339.875,-3.2139332901108
340,-3.18532536526011
340.125,-3.15668445996818
340.25,-3.12801700189635
340.375,-3.09933056118855
340.5,-3.07063390184545
340.625,-3.04193702486244
340.75,-3.01325120252488
340.875,-2.98458900330053
341,-2.95596430681784
341.125,-2.92739230847327
341.25,-2.89888951326801
341.375,-2.87047371853455
341.5,-2.84216398527744
341.625,-2.81398059791919
341.75,-2.7859450123098
341.875,-2.75807979192943
342,-2.73040853228601
342.125,-2.70295577358144
342.25,-2.67574690179516
342.375,-2.64880803840747
342.5,-2.62216591905868
342.625,-2.59584776151421
342.75,-2.56988112337869
342.875,-2.54429375007216
343,-2.5191134136524
343.125,-2.49436774313403
343.25,-2.47008404701988
343.375,-2.44628912882196
343.5,-2.42300909640845
343.625,-2.4002691660669
343.75,-2.37809346222566
343.875,-2.35650481382145
344,-2.33552454834287
344.125,-2.31517228461643
344.25,-2.29546572543367
344.375,-2.27642045114352
344.5,-2.25804971535502
344.625,-2.24036424391038
344.75,-2.22337203829663
344.875,-2.20707818466696
345,-2.19148466963998
345.125,-2.1765902040341
345.25,-2.16239005567933
345.375,-2.14887589242643
345.5,-2.13603563644405
345.625,-2.12385333086088
345.75,-2.11230901976903
345.875,-2.10137864255766
346,-2.0910339434946
346.125,-2.08124239741559
346.25,-2.07196715231759
346.375,-2.06316698958474
346.5,-2.05479630250332
346.625,-2.04680509364385
346.75,-2.03913899160811
346.875,-2.03173928755404
347,-2.02454299182219
347.125,-2.01748291089754
347.25,-2.01048774484616
347.375,-2.00348220527053
347.5,-1.99638715373048
347.625,-1.98911976047801
347.75,-1.98159368325559
347.875,-1.97371926580783
348,-1.96540375565877
348.125,-1.9565515406076
348.25,-1.94706440330023
348.375,-1.93684179313901
348.5,-1.92578111469981
348.625,-1.91377803173681
348.75,-1.90072678576866
348.875,-1.88652052815629
349,-1.87105166450503
349.125,-1.85421221014902
349.25,-1.83589415540681
349.375,-1.81598983923392
349.5,-1.79439232983936
349.625,-1.7709958107816
349.75,-1.74569597101429
349.875,-1.718390397312
350,-1.68897896747518
350.125,-1.65736424268836
350.25,-1.62345185738749
350.375,-1.58715090498229
350.5,-1.54837431777752
350.625,-1.50703923944042
350.75,-1.4630673883756
350.875,-1.41638541038848
351,-1.36692521904565
351.125,-1.31462432217673
351.25,-1.25942613300532
351.375,-1.20128026444575
351.5,-1.14014280516095
351.625,-1.07597657604066
351.75,-1.00875136582955
351.875,-0.938444144712957
352,-0.865039254751254
352.125,-0.788528576142433
352.25,-0.708911668387388
352.375,-0.626195885532433
352.5,-0.540396464765987
352.625,-0.451536587755906
352.75,-0.35964741422504
352.875,-0.26476808737671
353,-0.16694571089978
353.125,-0.0662352974024938
353.25,0.0373003117560748
353.375,0.143590555145199
353.5,0.252557288238523
353.625,0.364114948351875
353.75,0.478170747086107
353.875,0.594624889697273
354,0.71337082070058
354.125,0.83429549489662
354.25,0.957279672896584
354.375,1.08219824011436
354.5,1.20892054808759
354.625,1.33731077688858
354.75,1.46722831729185
354.875,1.59852817127352
355,1.73106136933334
355.125,1.86467540305352
355.25,1.9992146712364
355.375,2.13452093789762
355.5,2.27043380033774
355.625,2.40679116546301
355.75,2.5434297324862
355.875,2.68018548010593
356,2.81689415623737
356.125,2.95339176835064
356.25,3.08951507246743
356.375,3.22510205886565
356.5,3.35999243255205
356.625,3.49402808658209
356.75,3.62705356633266
356.875,3.7589165228678
357,3.88946815358401
357.125,4.01856362837127
357.25,4.146062499587
357.375,4.27182909420843
357.5,4.39573288660358
357.625,4.51764885044236
357.75,4.63745778836077
357.875,4.7550466380843
358,4.87030875381858
358.125,4.98314416182305
358.25,5.09345978919425
358.375,5.20116966500103
358.5,5.30619509303622
358.625,5.40846479557099
358.75,5.50791502762493
358.875,5.60448966139484
359,5.69814024061454
359.125,5.78882600474898
359.25,5.87651388305996
359.375,5.9611784587107
359.5,6.04280190320798
359.625,6.12137388161145
359.75,6.19689142906644
359.875,6.26935879934161
360,6.3387872861765
