Coord,uscStruct_vals
0,NaNNaNi
0.25,NaNNaNi
0.5,NaNNaNi
0.75,NaNNaNi
1,NaNNaNi
1.25,NaNNaNi
1.5,NaNNaNi
1.75,NaNNaNi
2,NaNNaNi
2.25,NaNNaNi
2.5,NaNNaNi
2.75,NaNNaNi
3,NaNNaNi
3.25,NaNNaNi
3.5,NaNNaNi
3.75,NaNNaNi
4,NaNNaNi
4.25,NaNNaNi
4.5,NaNNaNi
4.75,NaNNaNi
5,NaNNaNi
5.25,NaNNaNi
5.5,NaNNaNi
5.75,NaNNaNi
6,NaNNaNi
6.25,NaNNaNi
6.5,NaNNaNi
6.75,NaNNaNi
7,NaNNaNi
7.25,NaNNaNi
7.5,NaNNaNi
7.75,NaNNaNi
8,NaNNaNi
8.25,NaNNaNi
8.5,NaNNaNi
8.75,NaNNaNi
9,NaNNaNi
9.25,NaNNaNi
9.5,NaNNaNi
9.75,NaNNaNi
10,NaNNaNi
10.25,NaNNaNi
10.5,NaNNaNi
10.75,NaNNaNi
11,NaNNaNi
11.25,NaNNaNi
11.5,NaNNaNi
11.75,NaNNaNi
12,NaNNaNi
12.25,NaNNaNi
12.5,NaNNaNi
12.75,NaNNaNi
13,NaNNaNi
13.25,NaNNaNi
13.5,NaNNaNi
13.75,NaNNaNi
14,NaNNaNi
14.25,NaNNaNi
14.5,NaNNaNi
14.75,NaNNaNi
15,NaNNaNi
15.25,NaNNaNi
15.5,NaNNaNi
15.75,NaNNaNi
16,NaNNaNi
16.25,NaNNaNi
16.5,NaNNaNi
16.75,NaNNaNi
17,NaNNaNi
17.25,NaNNaNi
17.5,NaNNaNi
17.75,NaNNaNi
18,NaNNaNi
18.25,NaNNaNi
18.5,NaNNaNi
18.75,NaNNaNi
19,NaNNaNi
19.25,NaNNaNi
19.5,NaNNaNi
19.75,NaNNaNi
20,NaNNaNi
20.25,NaNNaNi
20.5,NaNNaNi
20.75,NaNNaNi
21,NaNNaNi
21.25,NaNNaNi
21.5,NaNNaNi
21.75,NaNNaNi
22,NaNNaNi
22.25,NaNNaNi
22.5,NaNNaNi
22.75,NaNNaNi
23,NaNNaNi
23.25,NaNNaNi
23.5,NaNNaNi
23.75,NaNNaNi
24,NaNNaNi
24.25,NaNNaNi
24.5,NaNNaNi
24.75,NaNNaNi
25,NaNNaNi
25.25,NaNNaNi
25.5,NaNNaNi
25.75,NaNNaNi
26,NaNNaNi
26.25,NaNNaNi
26.5,NaNNaNi
26.75,NaNNaNi
27,NaNNaNi
27.25,NaNNaNi
27.5,NaNNaNi
27.75,NaNNaNi
28,NaNNaNi
28.25,NaNNaNi
28.5,NaNNaNi
28.75,NaNNaNi
29,NaNNaNi
29.25,NaNNaNi
29.5,NaNNaNi
29.75,NaNNaNi
30,NaNNaNi
30.25,NaNNaNi
30.5,NaNNaNi
30.75,NaNNaNi
31,NaNNaNi
31.25,NaNNaNi
31.5,NaNNaNi
31.75,NaNNaNi
32,NaNNaNi
32.25,NaNNaNi
32.5,NaNNaNi
32.75,NaNNaNi
33,NaNNaNi
33.25,NaNNaNi
33.5,NaNNaNi
33.75,NaNNaNi
34,NaNNaNi
34.25,NaNNaNi
34.5,NaNNaNi
34.75,NaNNaNi
35,NaNNaNi
35.25,NaNNaNi
35.5,NaNNaNi
35.75,NaNNaNi
36,NaNNaNi
36.25,NaNNaNi
36.5,NaNNaNi
36.75,NaNNaNi
37,NaNNaNi
37.25,NaNNaNi
37.5,NaNNaNi
37.75,NaNNaNi
38,NaNNaNi
38.25,NaNNaNi
38.5,NaNNaNi
38.75,NaNNaNi
39,NaNNaNi
39.25,NaNNaNi
39.5,NaNNaNi
39.75,NaNNaNi
40,NaNNaNi
40.25,NaNNaNi
40.5,NaNNaNi
40.75,NaNNaNi
41,NaNNaNi
41.25,NaNNaNi
41.5,NaNNaNi
41.75,NaNNaNi
42,NaNNaNi
42.25,NaNNaNi
42.5,NaNNaNi
42.75,NaNNaNi
43,NaNNaNi
43.25,NaNNaNi
43.5,NaNNaNi
43.75,NaNNaNi
44,NaNNaNi
44.25,NaNNaNi
44.5,NaNNaNi
44.75,NaNNaNi
45,NaNNaNi
45.25,NaNNaNi
45.5,NaNNaNi
45.75,NaNNaNi
46,NaNNaNi
46.25,NaNNaNi
46.5,NaNNaNi
46.75,NaNNaNi
47,NaNNaNi
47.25,NaNNaNi
47.5,NaNNaNi
47.75,NaNNaNi
48,NaNNaNi
48.25,NaNNaNi
48.5,NaNNaNi
48.75,NaNNaNi
49,NaNNaNi
49.25,NaNNaNi
49.5,NaNNaNi
49.75,NaNNaNi
50,-2.54674826280494+1.40703814241796i
50.25,0.905463275478912+1.65161078134349i
50.5,0.194793549528041-0.311951911917629i
50.75,1.76716557326498-1.6157439994358i
51,0.244132702920303+1.12970191877205i
51.25,-1.92458645022094-2.78961804882891i
51.5,0.351482501840574-0.339782703778331i
51.75,-2.38624357010651+0.913200658932324i
52,-0.161922198269429-3.15628345901116i
52.25,0.937990281166511-0.187340389328514i
52.5,0.0104242015005531+1.53571966618148i
52.75,0.332426815916822+0.320357802840905i
53,2.26452791126514-1.21267922914455i
53.25,1.30424761463264-1.33719585516169i
53.5,0.531079198264197-2.72643746113416i
53.75,-1.57427888530887+1.14465615968358i
54,1.13833178446902+0.554018084081087i
54.25,0.0536086641746493-0.388487597128255i
54.5,2.87189705135068+1.62190514349316i
54.75,1.16667049487519-0.289391487417962i
55,0.42176642655248+2.77442567913173i
55.25,1.69473786462788+1.54857806335464i
55.5,-0.996169373824984+0.943166108419669i
55.75,-0.0298352461205662+0.780548558603135i
56,2.11633661120016-0.118242948611704i
56.25,0.12783565360807+1.80886667798975i
56.5,0.0445901453860062+0.474401576772825i
56.75,-1.69865413259115-0.415145195741562i
57,0.519978173695601-0.187073460612959i
57.25,-0.799849256978711-2.04618353828428i
57.5,3.15009119790228-0.833677237313809i
57.75,0.042522615704949+0.508513068067614i
58,0.803201501854253-0.525683230701577i
58.25,1.31798878550142-1.10622566147433i
58.5,0.266885751641805+1.63857394948381i
58.75,0.419858503159902-0.0301438610212626i
59,-0.586967971826616+3.27955943752068i
59.25,-1.1312240935819+1.10880348333503i
59.5,1.854216947592+1.47946968819906i
59.75,2.79956220064561-2.31363053717712i
60,0.282344240850931-3.40724637872892i
60.25,2.30711723302435-3.1990154330183i
60.5,-0.739008128465459+0.0157722247683227i
60.75,-0.796194806922298-0.791712806755799i
61,-2.19040031061499+1.62079554518829i
61.25,-1.42741074218053+0.427469216392933i
61.5,-1.43912638298778+1.49501740558149i
61.75,-1.10761448586251-0.213188053031441i
62,-0.611083224531761+0.070682633133095i
62.25,0.791152210859947-1.24413713246493i
62.5,1.01571905949112-2.58024946879064i
62.75,-0.143168676798534-2.37160223066107i
63,-1.47808488237635+0.576597316197328i
63.25,0.587041584590997-0.250945764367384i
63.5,-0.407630674414855+0.947520013671907i
63.75,1.26672975535819+1.5176685344567i
64,3.02312050760133-0.936753309404225i
64.25,-1.83997319619527-1.88284501318641i
64.5,-2.6294794177026-1.62615785250534i
64.75,-2.21714849789441-0.995158816141248i
65,-1.08097798811187-0.482923576513073i
65.25,-3.33439708810309+0.516131187526841i
65.5,-0.97909867074815+0.0705617388751666i
65.75,0.997875799268875-0.746203647699517i
66,1.47108954608373+2.29858990674422i
66.25,0.878958478254739-0.344318675036035i
66.5,1.35173076315363+1.77147922007193i
66.75,-1.0471839602152+0.35323050733134i
67,0.339547998261302+1.11168978824485i
67.25,1.87799576850991-1.76320425411449i
67.5,0.913434301356196-1.30305185777438i
67.75,1.48445995745549+0.770601866080327i
68,-1.22052409234541+2.02871820483328i
68.25,-1.67105376140242+4.02525780407767i
68.5,-2.53489176335768+1.17502275157279i
68.75,0.0311425593668837-0.208622983558284i
69,0.346705815117645+0.179814027461636i
69.25,-0.987242107605396-0.125034378702088i
69.5,0.84537328249885+0.191851116121369i
69.75,-0.630605306722237+0.720950341389569i
70,-1.81610055227581+0.949657908138936i
70.25,-0.741025153856797-0.00461595370649626i
70.5,0.365091414949273+0.804353189373148i
70.75,0.509151539212434+0.411899993345978i
71,0.558581406547319+1.28155100653873i
71.25,0.476922599670348+0.258981492503552i
71.5,-0.0719106605517957+0.465547943101338i
71.75,0.294921692027071+0.488771538198314i
72,1.01980508821862-1.46201181914702i
72.25,0.0432621588756794-1.0619943578379i
72.5,2.25601764627052-1.50121806887806i
72.75,0.341639403482067-0.155012239334753i
73,-2.1316050345316-1.11317203096289i
73.25,-2.73998087204629-0.711173489999445i
73.5,-1.13455806205779+0.714562214708461i
73.75,-2.52354408279603+1.64442297852841i
74,2.07096831017891+1.90564331152246i
74.25,2.12479546852191+3.4766017134581i
74.5,-0.774603208587774+1.30836062295153i
74.75,-1.38777024816938-0.997328733608308i
75,1.11099266513552-0.55855863365217i
75.25,-4.12659444586363+0.915857727448356i
75.5,-2.02765351590216+0.36226399913315i
75.75,-0.548747404861658-0.222819309107977i
76,-1.57360115603535-1.40925598162551i
76.25,-1.81371777984877+0.164454502555459i
76.5,-2.52422517120618+1.28994899391868i
76.75,-1.81615530315722+0.81832580822187i
77,-0.0828261772430448+2.25822991459893i
77.25,2.41502315612237+1.53884295273033i
77.5,2.51899541171452+0.867606157505843i
77.75,2.69584657937079-1.24817979766479i
78,0.250534947159785-2.6727985208547i
78.25,-0.670543324905329-4.55755653149025i
78.5,-3.19892521333019-3.1323882086573i
78.75,-1.70249318139562-1.82590080899844i
79,-1.03055738637951-1.50008199953721i
79.25,0.178566681193722+0.307832794071311i
79.5,0.78861510948106-0.532206088778539i
79.75,4.05930454795648-2.0197659282492i
80,0.704380372585686-1.09283686686074i
80.25,3.56818438693725-0.351984712834908i
80.5,1.77860540900085+1.21182994134599i
80.75,2.48275466173935+0.0853530152573687i
81,2.64365630181386+2.34264271057652i
81.25,2.49445475748475-1.7523212948912i
81.5,2.15729910899541+0.945559522692179i
81.75,-0.394891570405818-3.68380191700054i
82,-1.58169577536414-2.041543108332i
82.25,-1.90513675599142-3.51263404418441i
82.5,-2.40346302222671+0.427208993666934i
82.75,-2.38741078115886+2.26495873627509i
83,-0.619309115025616+1.50432683447811i
83.25,0.0301881808495784+1.5997445458376i
83.5,0.370002673624017+2.98103047353934i
83.75,0.999996463431718+1.239248122919i
84,0.937433077406214+2.4784782074777i
84.25,-0.0710919059434296-1.55940126636008i
84.5,-0.0215003756833206-1.16762526053694i
84.75,0.367612495186252+0.0966204132274746i
85,0.948952429336886+0.623370827563811i
85.25,-1.65998030107365+0.994562253697761i
85.5,0.0821384520049954+2.74886191250931i
85.75,2.93587183194529-0.157602944631224i
86,0.873340631948404-1.81040608199102i
86.25,-1.74472808967516-0.588029932236077i
86.5,-2.13555921710143-1.80014607371236i
86.75,-2.06610653896306-0.140304255552175i
87,-2.33643841298702+0.545147755669702i
87.25,-1.05514483147149+2.1268386069218i
87.5,1.22377387066559+4.10103277525451i
87.75,1.56745751015191+0.324388951841621i
88,0.889224562499081+1.80118169419009i
88.25,-0.224474207156779-1.23235021062296i
88.5,0.0396249003943365-1.71702016773411i
88.75,-0.553460239567267-2.37992144587867i
89,-0.505852431828583-3.86586902674041i
89.25,0.2926527745057-2.27602427589872i
89.5,-1.24881974943679-1.37717196110364i
89.75,-0.364169073621307-0.549475448700045i
90,1.6995672978495+1.32763158217765i
90.25,0.618286822959532+0.444535921919731i
90.5,0.79841560888403+0.870770844230917i
90.75,2.55851982563338+0.257923925908239i
91,0.790827967583618-0.0571722326183409i
91.25,3.53681901721406-3.78049501190536i
91.5,-1.85447264720365-3.25806223021145i
91.75,0.46773587764795+0.215420070002767i
92,-2.76304286131903+0.281889000407169i
92.25,-1.01166735679225+0.0301986131212733i
92.5,0.0445387265395609+3.50317168088451i
92.75,1.84949503691339+4.11529292252369i
93,0.236320886256231+2.49865482113188i
93.25,1.87253074533719-1.26675013112315i
93.5,-0.394280524676366-0.636665527180491i
93.75,0.764929687249345-0.0998366083156819i
94,-1.29474304370108-2.0950727209175i
94.25,-0.744195541137988-1.85965214914894i
94.5,-1.78914742754487-1.73616010541786i
94.75,-0.84892041947127-1.73876167507111i
95,2.13957559568963-0.306596398466659i
95.25,0.600496137587582+0.770593922442992i
95.5,-0.384284254002907+1.01658055050409i
95.75,0.454505981816743+0.130738205165796i
96,1.92043937216116+2.22003001037516i
96.25,3.86770346872007+2.64550996691456i
96.5,2.39953446721985-1.92262288708201i
96.75,1.98449881624133-0.355856117851785i
97,0.311221510781149-1.53447379363389i
97.25,1.54966623607298-4.67533961545378i
97.5,1.14375557845616-2.19563878960354i
97.75,-3.75965987705462-1.29699753743821i
98,-0.227427428093264-0.881907527649583i
98.25,-3.52244470151975+0.581683823481779i
98.5,-3.10040217562388+2.05723884650642i
98.75,-1.345216363537+0.766012220878509i
99,2.17870149851999+0.407494932993833i
99.25,1.80908879498105-0.0174557816380385i
99.5,1.18850124528007-0.0364671991359793i
99.75,1.19559649906837-1.62165444528895i
100,-0.498882833504174-0.517108220328861i
100.25,0.56727621763649-2.81791385526497i
100.5,-2.48012688994434-1.77309350193884i
100.75,1.399627645091+0.383155919977495i
101,-1.18384032435715-0.126577478031586i
101.25,0.419676083340644+4.16856587434226i
101.5,0.769410827665828+1.22978506852903i
101.75,1.45369926304228+0.640533930017267i
102,1.10605205731144-1.38858370079897i
102.25,1.36755211806658+2.35751464964979i
102.5,2.77371321790074-0.117883750405626i
102.75,3.36223971699056-0.787730195366698i
103,3.09175303422088+0.528915243642097i
103.25,2.58452568365184+0.632489873697826i
103.5,1.95745053837255-0.685118749585869i
103.75,1.51394734979386-2.01410043186242i
104,1.18544005088084-3.18538150817735i
104.25,-1.95795725385192-2.22671543771164i
104.5,-0.29542030655751-0.711282185767438i
104.75,0.507059030695516+0.331574488570681i
105,-2.16191052677465+2.66744768228022i
105.25,1.13944479020121+1.42863953078954i
105.5,2.3757608204613+2.3071115455439i
105.75,1.42308921018502+2.09548392518622i
106,2.00958996149957+0.529893716990196i
106.25,1.86610665096264+1.51399497124093i
106.5,-0.435770588225478-0.232007039466086i
106.75,1.68729328099868-1.51460414202859i
107,0.90407920749462-0.0110308829556837i
107.25,-0.289519620220097+1.09243508799746i
107.5,-2.98678712481637+0.593416511487277i
107.75,0.450364685081631-3.79210963019295i
108,-2.6441507338568-0.264361010916297i
108.25,-0.12575942242001-1.53464517094943i
108.5,-2.31517181096015-2.91569448252132i
108.75,-1.80461594064004-2.15256946329009i
109,-0.0262684152746459-0.137452930757095i
109.25,-1.55128649609789-2.53998494795209i
109.5,-2.08426571125063-0.372307091784095i
109.75,-2.23915824306212-0.564878025973284i
110,-1.45363945713296-2.67381030589221i
110.25,0.997125676516277-1.51359387697861i
110.5,0.0456838158572183-2.60260516343538i
110.75,-2.27517118970722-2.64531864383852i
111,2.12497454061332-0.748360524628838i
111.25,1.64694898081023+1.3904663162841i
111.5,2.757541864091+0.181237152348336i
111.75,-0.340887221871814-0.480537730125093i
112,-1.69228312690143-0.280635484218871i
112.25,1.62369379440788-1.89180468538991i
112.5,1.55422403468549-1.58024745143459i
112.75,-0.415336853438039-2.1563899289173i
113,1.91011868292374+0.320017528341363i
113.25,0.568798099806661-0.177553103312353i
113.5,1.37551484896596+1.0099263351301i
113.75,0.426604082868058-0.857631609060372i
114,-0.445298926105682-2.02704583513809i
114.25,-0.951504623788131-0.610360243530586i
114.5,-2.1846298433573-1.37421818145714i
114.75,-4.02925826071502-0.886964729008741i
115,-4.47433251813504+0.623513545818177i
115.25,-2.23711119983107-1.90235854733781i
115.5,-2.6766773131519+1.16520027777697i
115.75,-2.78484084827492-1.06330119744044i
116,1.32641213497431-3.0326767309083i
116.25,-1.08603687843516+0.903717089187227i
116.5,0.3496155303104-2.21747751130443i
116.75,-2.9879127601466-1.34167752807171i
117,-1.31141148591848-2.70026900708602i
117.25,-1.44980757841044-1.96406042415575i
117.5,-1.40570753884206+1.05295490300264i
117.75,-2.75550347825295+0.536193382519863i
118,-0.567191398378061-0.837113055880399i
118.25,-4.14647181436695-1.13720852249704i
118.5,0.391177722087614-1.41172366393078i
118.75,-2.17812233873681-0.341404291170841i
119,-2.67832435249433-0.403776008503211i
119.25,-1.98914028500333+0.593237381686615i
119.5,0.531165469044925+1.37251911899371i
119.75,-2.48049455238964+3.04009828324277i
120,-1.73732759661246+2.56625294481319i
120.25,0.410030289996304-0.648426444789944i
120.5,0.415085113264824+0.471344707207471i
120.75,-0.557936563202463-0.0918195250148585i
121,-2.92203621430533-3.15492314571723i
121.25,-1.97350549221753+0.512320423253129i
121.5,-0.928019741779946-0.753815639291175i
121.75,-1.37215413105555+0.948238439623468i
122,-1.18417557320632-2.05884906455593i
122.25,-1.05172655121361+0.0356636379589169i
122.5,-2.42269577017417+0.149861768963781i
122.75,3.1520144547172-3.00521274160526i
123,-1.09181345162529-1.75957508044557i
123.25,1.09667493389591-3.11461138176237i
123.5,-1.1323426523208+1.09540633478756i
123.75,0.470363299214805+1.84394227201871i
124,-0.0881894056780672-0.551781339972722i
124.25,-0.539208693237527-0.45693382154098i
124.5,-0.368397662165453+1.77194734483896i
124.75,-0.480356410740095+0.555923629702476i
125,1.09990364697649+1.93771769069595i
125.25,0.665741216360467-2.48163697761872i
125.5,-0.425136045626112-1.92309307172386i
125.75,0.368428730681992-1.49285763535374i
126,0.801140843844471-1.31467889802144i
126.25,-2.20298235842056-1.19241372294204i
126.5,0.178872743419318+0.495388280165476i
126.75,-0.55372525997729+1.16380620211775i
127,0.995208457374481-0.77299790871427i
127.25,0.0757898351187449+1.12721230639101i
127.5,1.28315561089225-1.54988160765751i
127.75,0.455885384179184+1.10088843328742i
128,-1.03890209880242-1.40698570751391i
128.25,1.70692201014402-1.5401790738138i
128.5,-0.23324814301126+0.0886506203608373i
128.75,2.03241868675824-1.14898544364473i
129,0.800163072018327+1.42867305266662i
129.25,2.41663460342196-2.69175373193861i
129.5,1.22232955883168-1.08405948725084i
129.75,2.34684944455921+2.56359104611949i
130,0.835567863336348+0.211967632668663i
130.25,1.91012350611269+0.956020585986012i
130.5,0.250263251328743+2.31076790910179i
130.75,0.576308043377149+1.26901296604697i
131,3.29355893032856+2.02650998732673i
131.25,-0.282242398434216+3.00727907885253i
131.5,-0.202101756817264+1.86889989765802i
131.75,-0.189483546239435+2.35116247035472i
132,-1.04613270992599+2.20869128523717i
132.25,-0.554120479184396+2.06249540659211i
132.5,-0.390654012887857+2.08101383495412i
132.75,-0.473810906568055+3.28702453048956i
133,-0.548364347256345+1.66225395622963i
133.25,-0.702160428592483+0.134586931913514i
133.5,-1.33717977131183+0.14593781733362i
133.75,-0.548110521349354+0.225925444792191i
134,-0.315092590375101+0.113232814724198i
134.25,-0.0863307307533703-0.475610535524578i
134.5,-0.555610673991818-1.38578211562866i
134.75,-1.81974646881892-0.421662258073053i
135,1.22751001478767+0.323033445254414i
135.25,1.50352728574249-0.770094157421552i
135.5,0.382516105768499+1.45244694010926i
135.75,0.593486900362591+0.373327271096904i
136,-0.523455035139094+1.24886423743902i
136.25,0.5979558723558-0.709441048867752i
136.5,1.60417603656509-0.870168356687057i
136.75,-0.208584454202126+0.168234516675892i
137,0.862284899947538+0.825020894691125i
137.25,-0.371965128591142+2.00271474258997i
137.5,3.27189398039795+1.29721262168321i
137.75,1.68941147328292+0.330935209790891i
138,-1.54118049890746+0.555487613184801i
138.25,-1.31007610029095+0.953904089579351i
138.5,0.85262816921604+0.534827059669087i
138.75,-1.15198367605927-0.167432893360572i
139,-2.26529259232462-0.942577700535354i
139.25,-2.46273202483822+0.486510044211894i
139.5,-2.44727091213902-0.510348673470146i
139.75,-1.82653425653821-1.83172573986394i
140,-0.0159117930337451+0.783929323425241i
140.25,0.309734778160799+0.861970327947619i
140.5,0.709010943908872-0.799077873589792i
140.75,0.265766067580814-4.37342422603932i
141,-0.923204203180921-2.31910482238589i
141.25,0.849563970793732-1.7551861742119i
141.5,0.0740661545560626-0.905251504771803i
141.75,2.15996819527252-2.39149355455992i
142,-0.0112475171559661-2.93434210253026i
142.25,-0.275988157724767-2.77982661616703i
142.5,0.330417845760346-2.89848100126361i
142.75,0.0415365032793894+0.991810934343542i
143,-0.325520175666939+0.64073032689913i
143.25,-4.455238347359+1.15363249739964i
143.5,-0.307961739779965+1.36602048540004i
143.75,-1.36805738402374+3.8675854129732i
144,-0.773284158144381+0.1781533995682i
144.25,-1.84119928839692-0.507844637237648i
144.5,-1.36904589568646-0.641273126306321i
144.75,-1.50579005437005-1.0762151210824i
145,-1.17294096275557-0.118152807996846i
145.25,0.42173260543027+0.741091413195552i
145.5,-2.00399863514699+1.14805353557133i
145.75,0.018015059182961+1.80077905295065i
146,1.80065320227561+2.63392364271042i
146.25,1.76144336489953+2.81453062126054i
146.5,0.185119954389837+1.56210232811551i
146.75,2.18504894276436+1.07477413208984i
147,-0.327977499079008-0.982474348780927i
147.25,-0.749537576146931-0.313707235837231i
147.5,1.04810576599267+0.0532534648221694i
147.75,-0.85411671590442+0.566965092197862i
148,-1.81284071749713+0.635503658128563i
148.25,-1.11302087470968+3.60052036362632i
148.5,-0.804813080070051+1.59203634381245i
148.75,-0.0979447526081534-2.38876742856778i
149,-1.06374076433412-3.81550776596006i
149.25,-1.48934944594162-3.21628129479636i
149.5,1.10856437381199-2.23383261044821i
149.75,3.9020536669841-0.393360914556577i
150,0.0460283695162635+2.84384713157064i
150.25,0.531310366287941+1.12125362588365i
150.5,0.269374004638953+1.3326990817658i
150.75,-0.611902338222357+0.980379955808532i
151,-0.587473225967276-0.733667181630609i
151.25,-1.01855532775703-1.20999314782451i
151.5,-2.00478355892626-2.44460202163467i
151.75,-1.89996379727205-1.36508071738274i
152,-1.3852552388129-0.797255224567024i
152.25,-0.906647737158091-0.803917947422246i
152.5,-2.56770796333606+0.485597583321949i
152.75,-0.615350766378217-3.98056880076915i
153,-1.40973085061998-1.95560407929073i
153.25,0.964507078276454-2.86372056732097i
153.5,2.4601402225065-0.744234777719393i
153.75,1.46004558469212+0.652586643986377i
154,1.25086532414551+3.84101830422741i
154.25,0.932774153822858+2.51238162377945i
154.5,-1.49934226699346+1.66628277466191i
154.75,-0.827573863460421+2.82954165946003i
155,-1.34786180639499+1.63264641657319i
155.25,-1.79100708312772-0.51495967003524i
155.5,1.81400690388391+0.00240759894419706i
155.75,0.797881164721578-3.20950783989565i
156,2.96501088235899-2.15805524859308i
156.25,-0.196689835895813-1.49565456576537i
156.5,-3.25411318325665-1.24255920925345i
156.75,-0.914192690707521-2.3750571840626i
157,0.699285943940172-3.54309666960728i
157.25,1.86751252236581-0.955819075681461i
157.5,-0.631103170046171+1.47718273328197i
157.75,-2.58095005602665+0.702204083936933i
158,-1.62253044815623+2.02977884713261i
158.25,-2.89544830069276-2.63403717028291i
158.5,-2.34516133432608-0.686014670391895i
158.75,-0.219047547910097-1.54034627659095i
159,-0.0196977887792537-3.19828785294337i
159.25,1.84866550952417+0.81604518446078i
159.5,4.92792001117027+1.51521977609832i
159.75,0.561181920910357+1.51776414412669i
160,1.97852241894963+1.1893185787633i
160.25,0.418550719392739+1.81354741640861i
160.5,-1.37142077460158+1.59854590285872i
160.75,-0.786587735420455-1.07158454931246i
161,-1.18677396222362-0.716077813359776i
161.25,-1.80460869117896-1.71611572213133i
161.5,1.53257728581341-1.22519420905121i
161.75,0.29020367904278-0.472546298462799i
162,1.43699510809795-0.517315542691644i
162.25,0.799999817203191-0.410696708146821i
162.5,2.28085401564006+1.50537787061i
162.75,-0.930351947121471+0.169382839023344i
163,-1.49728344015201-0.331532337129767i
163.25,-0.103234954027992-1.02653148575761i
163.5,-3.84838814847009-0.206126075945873i
163.75,-2.17681413220185+0.676253893062049i
164,-3.10939841916431-1.36912342664534i
164.25,-0.513847964446979-1.41670976359612i
164.5,2.70871086968153-0.258041888178386i
164.75,2.6388427085326-1.56776787288033i
165,0.532144668772591-0.159956037545593i
165.25,-0.308334759343964-1.36358067037965i
165.5,-0.895208195754325+0.459316291239326i
165.75,-0.530951979845854+2.07571970903193i
166,-1.12402724198911+1.9253474325678i
166.25,-0.602278613155514-0.47612141035526i
166.5,-2.42696792076977-0.983525782380582i
166.75,-0.0477136151313731+0.0809534859275355i
167,0.549382143067628+0.534593303951711i
167.25,0.487228742487789+1.78938217316657i
167.5,0.501282456061494+2.9110579941131i
167.75,1.15165337994056+3.63996456983599i
168,-0.398849735945603+1.22669190443027i
168.25,0.916896745254087-1.74883282711116i
168.5,0.69045037235145+0.230207571483243i
168.75,-1.44056211496141-1.91657938589231i
169,2.57853893402473-2.67155026528137i
169.25,1.02893023212849-1.66509424753467i
169.5,0.118476955353661+1.28740984098885i
169.75,2.07762860279124+2.64222173883085i
170,1.72732363835622+4.85995481216398i
170.25,0.393966590953412+3.24567284473296i
170.5,0.835620347666557+0.222747202939422i
170.75,1.15335255856081-2.03199591221615i
171,0.855196156583463-1.72274491743878i
171.25,0.706102273201871-4.02486448885802i
171.5,-0.186232562299944-2.94570709329573i
171.75,-1.34489824993871+0.15076517749081i
172,-0.925364775852615-0.69598852058148i
172.25,-1.94698637886737+2.22520084077483i
172.5,-1.43136374418017+0.855811890776174i
172.75,-1.77831396458118+0.43581196378953i
173,1.73312912065051-0.936219629544883i
173.25,1.53964869272208-0.271958502183856i
173.5,6.0814466604079-2.535442583755i
173.75,3.36874421033941-2.18181990233819i
174,-1.47028365717396-1.76391881883988i
174.25,0.349987768216942-0.143676650170087i
174.5,0.303024814098604-1.75364903072969i
174.75,0.79111986534304-1.02178860620205i
175,0.580783223160439+1.24446084128909i
175.25,2.5289608652867-0.030834588776097i
175.5,-0.84362755855282-1.46084059463475i
175.75,-0.402898510509173-1.42474503827399i
176,1.03103828151568+1.56024340284327i
176.25,1.8244839535317-1.56976882718277i
176.5,-1.42177698675742-2.63583233249856i
176.75,-2.05215835224992-1.11033925715366i
177,-3.58280343014155-1.69921904740495i
177.25,-3.59796736646715-0.69603615692792i
177.5,-0.302527686516319+0.834154893221624i
177.75,-0.827615519851129+3.82732124290328i
178,-0.467850469257423+2.10199059995871i
178.25,1.49601023473381+0.312046988670034i
178.5,0.982142574781054+2.59823740554832i
178.75,-0.573747290839271-0.121827960414805i
179,1.59310302445115-0.537600144759766i
179.25,2.53881732907198-1.37913440968981i
179.5,0.742285998559531-2.48680105547199i
179.75,0.476726441858666-2.38387292674692i
180,-2.01828002566584-4.1700523081454i
180.25,-1.01087912455729-2.55911535374403i
180.5,-1.23230498991819-0.469573800141134i
180.75,-2.47641209827956-0.676906430383995i
181,-2.36495448524993-0.437667008941346i
181.25,-1.1532052512798+1.45630489201883i
181.5,-1.39803364575929-0.0793496297063498i
181.75,2.4237768010821+1.5411151901393i
182,3.92892300178526-0.214122114793363i
182.25,2.92820013329904-0.390191342096029i
182.5,1.7799822281437-1.46344690373728i
182.75,1.32210106033472-0.826840752092415i
183,5.23141367045192-2.48706524053742i
183.25,2.49415310820587-1.06985284322841i
183.5,1.53895085872064+0.145996600925139i
183.75,-1.40603193427034-0.0136785758906728i
184,-1.40051764025131+1.06926641843285i
184.25,-0.458213514007889+3.56557249594937i
184.5,0.674328182148115+3.97154919799161i
184.75,-0.289661230176675+1.48537514387759i
185,0.156194424777565+2.64816830884643i
185.25,0.011812175177773+0.221500195858584i
185.5,1.16846325077172+2.15223247048069i
185.75,1.95342555281033-1.73233341271923i
186,-0.391655032275508-0.177648808000253i
186.25,2.01514617719468-2.83453413165434i
186.5,-1.79549268184074-3.91113391059715i
186.75,0.551778361003149-4.62974485739401i
187,-1.28809212366195-2.42871897988526i
187.25,-2.04249371562091-0.266735860298814i
187.5,-0.603097530747726-0.0337189811978896i
187.75,-3.61022467114526-0.844431571608i
188,-2.42459752610407-0.0121471428148512i
188.25,-2.49152353282791+1.85075723569801i
188.5,-1.05215552122165+3.49876643212866i
188.75,-1.54880852805116+1.06235862460581i
189,-0.803234605020187+0.839466193488235i
189.25,-0.13536125754415+1.83531307755556i
189.5,0.455897593466911+1.51783465035915i
189.75,1.73670657644183+0.285900021751197i
190,0.850876188656025-1.02922610357121i
190.25,1.10584165401243-2.98244557894065i
190.5,-0.571311505592213-2.46898423716094i
190.75,-1.18982964957959-2.31840972247887i
191,-2.11765253102639-3.21146864026933i
191.25,-1.61256962671507-1.3187882866324i
191.5,-3.31976064539957-1.50191721133273i
191.75,-2.57332090113684+0.101170561536832i
192,-1.69822317661436+1.77080660135578i
192.25,-1.2731730741059-0.636992375725829i
192.5,0.772821759393985+1.08620845270211i
192.75,0.890122190924153+1.39077010821995i
193,-1.92915774643731+0.483179728625932i
193.25,-0.143705303372292+0.942934413176641i
193.5,0.138723658354302+1.62973670379874i
193.75,2.77958110707794+1.73062281340231i
194,0.689554918560907-0.270703000309556i
194.25,1.5432014174769+0.433701440941303i
194.5,-0.499610924558547+1.05021940997113i
194.75,-0.00634274033242277+0.665546578673134i
195,-0.00157358107849259-0.651901394253185i
195.25,-2.2019126828068-1.54233622423783i
195.5,-0.813834445431645-1.83495381623217i
195.75,-3.68442594752063-0.8703184789971i
196,-3.65481404131157+1.74914604151509i
196.25,-2.71708903808423+1.55167044007664i
196.5,-2.58341671617666-1.11789994704236i
196.75,0.0780944850672217+1.16963597134518i
197,1.28467843523202+3.06876074141268i
197.25,-0.9243106400469+1.88603461072099i
197.5,0.328519788433857+1.89224118774214i
197.75,-0.624782904648532+2.44342609185215i
198,1.38709067040841+0.631366548731282i
198.25,1.33221317100167+0.774756256742164i
198.5,1.01911445169663-0.508197144772147i
198.75,2.85955701805727-2.33248738164204i
199,0.831446028933524-0.491644641784521i
199.25,2.76156750410218-0.718969023540408i
199.5,4.596927095766-1.15801642620652i
199.75,3.91053392602155-1.10704842368283i
200,2.71435891842678-3.28969533412962i
200.25,1.81246581029348-0.740492867870963i
200.5,1.50914568764668-1.2954624475997i
200.75,1.46676495267249-2.72407113025139i
201,-0.276590601028864-0.91975340852544i
201.25,-1.29617307838673-1.00078088575542i
201.5,-0.154604229219663-0.706454357712952i
201.75,-1.87532905495319+0.699994594951351i
202,-1.47199510726431-0.516690913478995i
202.25,-2.55592751519525+1.32637327330775i
202.5,-3.58077306379212+2.88009419147829i
202.75,-0.0946080603525962+1.41084936591313i
203,0.355099069689917+3.62962764200671i
203.25,1.25305689526174-0.535610011028434i
203.5,1.22650268078903+0.345064197208461i
203.75,-2.61074218095195+0.636706562697037i
204,0.176566940164698+1.02536328642919i
204.25,-1.85065502361654+2.09771140344422i
204.5,0.715400437372673+1.0636734007422i
204.75,-1.05416868567992-0.720409942935121i
205,-1.5190703438179+0.412874402515555i
205.25,1.32046540840765-0.720945163780558i
205.5,2.80552086247542-2.25713846298938i
205.75,1.6635972783183+0.655158601103844i
206,0.611284574228711+0.683043550662346i
206.25,0.911550246568723-0.133708334632093i
206.5,-0.793835584595097-1.49151520525187i
206.75,2.1650359300183+1.17554007813639i
207,2.25334837769556-0.04911097208589i
207.25,-0.612395377656967-0.800937208561145i
207.5,2.08695008516977+0.191280571695584i
207.75,-0.352322551696456-1.71327211092056i
208,0.797515043288197-0.923249305758764i
208.25,-0.110370354672998+0.261508070682642i
208.5,0.71373685781506+1.21688296000989i
208.75,0.177477885707241-1.33039033926058i
209,-0.154719484468073+0.581275905014377i
209.25,-1.53254042920688-0.783005131437245i
209.5,-0.462676284374182+1.21187324007634i
209.75,-1.54256136673048+0.475795666574834i
210,-0.886103029280293-2.73394563718257i
210.25,-1.44971772938606-1.71574291327565i
210.5,-0.448802516343655-1.44510275512008i
210.75,-0.810118053290048-0.162954850799024i
211,-0.78876796500022-2.49855874906356i
211.25,-2.54754282140019-0.0567891880345965i
211.5,-1.3616334323611-2.07570260930492i
211.75,-2.75284525231337-4.44403478488512i
212,-0.593590099086985-1.88138064133046i
212.25,-0.695673942233735-0.222325952798094i
212.5,-0.522853250093642-0.843140117497075i
212.75,0.413187432317023-1.02949009280763i
213,-0.880938381697291-0.355030407553317i
213.25,-2.10599982070348-1.55005300791378i
213.5,0.325153942468799-0.558502141794764i
213.75,-2.81548193658258-1.07471151843167i
214,-3.6935083072311+0.626321652328688i
214.25,-1.27640637252444+0.837715219356737i
214.5,-1.54204573812603+0.56953399032759i
214.75,0.154156546479734+0.528527680105869i
215,-0.902894634382361-1.90950159610469i
215.25,3.01992748036303+0.341561612066509i
215.5,-2.89727182348984-2.9663125072508i
215.75,-2.55037351768307-2.78974003750621i
216,-3.87384870441177-0.511829199909566i
216.25,-1.03912495817206-1.27934038212706i
216.5,-0.0235899613044006-0.528482709025454i
216.75,1.04378482270553-0.263066867680512i
217,1.47608829542617-2.81692308755569i
217.25,-1.11846554896667+1.27535058412342i
217.5,-1.14765867177039-2.47298896585164i
217.75,-0.285844240710427-3.37458106514732i
218,-4.20355249539135-1.16642481879406i
218.25,-0.775259150464126-0.410220683200982i
218.5,-0.364520102934433-0.953071811686959i
218.75,0.141731910410942-0.00359344624098168i
219,0.789628311345125+0.607571727809807i
219.25,0.801394431642477+0.203284644371176i
219.5,-1.33299400276195+0.361059383416321i
219.75,0.112923000880651-0.122322793090474i
220,1.15941314865092+0.852798898231099i
220.25,-0.202114334116554-0.974884571993481i
220.5,0.480535887147042-1.9282563850148i
220.75,-2.23311577866058-0.687343819667631i
221,-1.86954713080119+0.413425860635521i
221.25,0.509496017361277-0.14711944806126i
221.5,2.34175751281695-0.400400636522153i
221.75,-1.50035029568985-2.31218972729361i
222,0.561745185337005-2.19794009953819i
222.25,0.109034741733452-0.817746785673344i
222.5,2.18107308745886-0.498164606239613i
222.75,-0.556763121243529-0.529305562429333i
223,-0.494949224856668-2.15557466480215i
223.25,0.532310096855821+2.13354716014805i
223.5,-0.932590632112384+0.517671768594219i
223.75,-1.26842142771888+0.178435017341846i
224,-0.866414833242194-1.39289017872189i
224.25,-0.0586942449369152-2.08874599015908i
224.5,2.69211148853904-1.40264341500575i
224.75,1.90422170670552-1.21048938604428i
225,0.581584636805613-1.85990702763822i
225.25,1.41710616988725-0.564989177003672i
225.5,-0.173458994360112-1.92605609782166i
225.75,1.20116387859645+3.87451506487701i
226,-0.611772927002318+0.472796782879887i
226.25,0.696824167254417+2.03804978861189i
226.5,-1.28499058565275-0.256985946926656i
226.75,1.42149370003931+3.28359490446921i
227,-1.37050170089124+0.610668141430647i
227.25,0.0198830455406324+0.617680720941833i
227.5,-1.38568157223545+2.25079217679096i
227.75,-3.57503030491081+3.09397569105911i
228,-0.442746989710206+2.33337724276038i
228.25,1.05046755778349+2.82445010594789i
228.5,-1.20089605242962-0.214871924296207i
228.75,0.618886402555939+0.0236410301732458i
229,-0.807360072813276-0.796189914301997i
229.25,-1.59914726957918-1.01767640075729i
229.5,-1.65537362943765-3.01026598176865i
229.75,-2.64242512813932-0.594447961365872i
230,-4.02621536006224+0.407658693522182i
230.25,-1.29700439031471+1.9703328893385i
230.5,-3.21444119930719+0.154426924572666i
230.75,-0.5540741548173-1.81995814339513i
231,-0.237776919346033-0.921831487310356i
231.25,2.20786851970164+0.601237098844969i
231.5,3.79844515121686-0.640379956472917i
231.75,4.46901161468244-1.2321308893698i
232,3.08725221530126+1.13632799289201i
232.25,1.76585442393229+1.66338995953444i
232.5,0.417054475579135+0.754749028753301i
232.75,0.790071907336874-0.556033989835612i
233,0.204233936169477+1.46599043440506i
233.25,1.2557512945098+0.917092746773644i
233.5,-0.443082880514245-0.26819565067873i
233.75,-0.583407122315461-2.01110212829514i
234,0.340243336808422-0.550050019881706i
234.25,0.192336000517784+0.281388935823477i
234.5,1.33082630123395+0.113423304884408i
234.75,0.358464625072008+1.81917603911488i
235,0.0236880477944597+1.31016883906668i
235.25,-1.85059142740775+2.16795912321538i
235.5,-2.04742862037202+0.267316660630908i
235.75,-2.7160012494673+0.609569444203173i
236,-1.94132197883773+0.998094163702017i
236.25,-2.3204807899044-1.77788969747096i
236.5,1.02329334413356-2.17130286891866i
236.75,-1.91160225680253-4.1302418849845i
237,2.98551796910938+0.0756972872189539i
237.25,2.85651277769419-0.698210854249624i
237.5,1.68432552689034-2.98398297193637i
237.75,0.44370466451318-1.17591958065091i
238,2.60858289812581-0.453429747212875i
238.25,-2.06986656939569+0.43435820352261i
238.5,-0.865171585129751-1.61693037954738i
238.75,0.383782406266867+1.58519425242872i
239,0.951907366884216+1.52385702670367i
239.25,0.304763945053146+0.951890684132883i
239.5,0.338857692991071+0.617843445773423i
239.75,-1.47635515880009+2.23241011680541i
240,-1.38047388243507+2.34543396410349i
240.25,-2.07063208518718+0.343031626244981i
240.5,-1.68223312331968+0.715322672720729i
240.75,-2.14805224806269-1.63364149967354i
241,-2.2661248005474-1.92197989717526i
241.25,1.97368463036786-0.699208405841517i
241.5,-0.131804849667477-1.41919264177632i
241.75,0.0881677391042099-0.47096486858036i
242,0.52661394892314-0.45898243069781i
242.25,-0.152768447107766-2.45515466939033i
242.5,0.585353124218596-3.31498618500527i
242.75,2.30221520928592-1.59687464378901i
243,2.89498345791328+1.11888283854513i
243.25,2.7268640144103+1.2649469295732i
243.5,1.39191168484752+3.18341110628703i
243.75,-0.160272075763095+2.19267496017447i
244,-0.125362930350898+1.36185506340819i
244.25,-3.24454177176538+2.02699314486862i
244.5,-1.43979920296341+0.751321025166032i
244.75,-2.46014234302198-0.0901581446702791i
245,-2.38800999408928+0.470759607635964i
245.25,1.13948138866001-1.1930619449863i
245.5,1.04813895853772-0.574167690145992i
245.75,0.974812691259171+2.61495369393105i
246,0.300365277067883+1.37016835709679i
246.25,1.2647265863987+0.046559796235347i
246.5,-0.0295762965017216-0.629641776317307i
246.75,-0.284154972119888+1.20504093286912i
247,0.556097542988535-1.12083218920888i
247.25,0.636110686482778+0.126973111494795i
247.5,0.582917630414613+2.00096923200684i
247.75,2.42335640487464+4.43630625186925i
248,-0.33295506404464+0.105669714123949i
248.25,0.133241839585921+5.21642466159638i
248.5,-1.34743094877998+1.2738097152019i
248.75,0.762909595357096+2.03941006040943i
249,-0.849689736334363+0.893359479257982i
249.25,-3.79381591747341-0.735966568829028i
249.5,-1.17807245338728-1.73696176053274i
249.75,-1.88081574002966-4.09497732946988i
250,-0.623292361434825-3.5680415543091i
250.25,1.24765543602193-1.72540937244865i
250.5,1.24954135038708-1.93247739764545i
250.75,1.52339105585517-1.15874011658605i
251,0.843251356424589-1.33482669122645i
251.25,1.52465269060767+0.849775522853797i
251.5,1.2286736810496+2.05633042865441i
251.75,-0.0585189106138266-2.47212369938958i
252,1.41037213025066+2.4590660718063i
252.25,0.455473462829259+2.11641894657381i
252.5,-1.24677261494871+1.70261848913272i
252.75,0.362917047694008-0.0294844128366236i
253,-0.102785416125241+2.06888675354646i
253.25,0.00133161514646253-0.558889801516312i
253.5,2.23577022592422+1.72253278323445i
253.75,1.05533790200084+2.24168067829959i
254,0.66065243791819+1.85342671757732i
254.25,-0.0913063029268235+0.0287967750697745i
254.5,3.6609004819248-0.923764021068374i
254.75,-2.23454177315524-0.465781177497583i
255,1.80197676604024+3.42612698330574i
255.25,0.365503119454136+0.355597262553723i
255.5,-0.247176274583843+2.42405211363572i
255.75,-1.04531767301358+0.245293410948008i
256,0.285439593908306+0.663250603047813i
256.25,-0.877942615370955+2.13495072470687i
256.5,-0.917141441490353-1.76520029564645i
256.75,0.414169864507581-1.53533823378805i
257,1.1453861947933+0.400029893033172i
257.25,1.17480856326893-0.61705728016793i
257.5,-0.599169459643223-0.577581794654453i
257.75,0.129188393724223+1.76988389767675i
258,-1.78371014588938+0.89614522033977i
258.25,0.290629184339319+3.7120446422756i
258.5,-3.57714129471855+1.82147094018334i
258.75,-0.129362657037259+4.19425918887404i
259,-2.84190090235697+1.04783800337871i
259.25,-2.71191773860884+0.104740697613205i
259.5,-0.654305134515405-2.09662282842181i
259.75,0.528744352733392-1.96600932366189i
260,1.12009925679694+1.01002961044831i
260.25,1.77564549543637+2.17603863195377i
260.5,-1.9528971686799+0.212880640024755i
260.75,0.463757446943061+2.40506026108567i
261,1.70248002316899+0.833012201117616i
261.25,0.765623550140251-1.461023728555i
261.5,-1.21407380124445-2.68334832906844i
261.75,-1.43589182012944-1.51080285255738i
262,-0.379130616045466-4.70236260163834i
262.25,-2.45506920030279-2.3470904294518i
262.5,1.63958281674357-2.33214357969971i
262.75,0.838250333676152+2.60581638517494i
263,2.80550373359142+2.14418623292518i
263.25,0.880626594885596+1.93915872966801i
263.5,1.19845121339529+2.08932612714514i
263.75,1.79911290556035+1.76578429262844i
264,0.636953482804282+0.480217634498422i
264.25,1.02705647235127-1.17697117367171i
264.5,3.09742759551866-2.56874589335502i
264.75,1.91678907890436-0.346432512085717i
265,0.956456343672+1.02494952155297i
265.25,1.37823478807982+0.537777636658174i
265.5,1.43350549650662+3.55154280035747i
265.75,0.950693355864599+0.317032378689824i
266,-0.638812467948654+1.32524628928443i
266.25,1.03530396617798-0.572131254639086i
266.5,0.222501352279141-0.368455200173077i
266.75,1.22033790971902-0.230305427387677i
267,-1.1524085139525+1.4061827236183i
267.25,0.690275946161518+0.0560827680120154i
267.5,1.97742832621262-0.550222976783557i
267.75,-1.31574981266766-0.632752394672374i
268,-2.08185795002095-1.91827643846429i
268.25,-0.918746720305406-0.885768089975316i
268.5,1.38538039162016-1.66286683795846i
268.75,0.0620764927198121-1.12403912095065i
269,1.8755254290051-0.521709721844853i
269.25,1.43120437514782-1.27234124495363i
269.5,0.0750039508726912+0.0935493241848175i
269.75,1.48754531849527+2.16572231896437i
270,-0.656719728494553+2.0491687171905i
270.25,-0.443230229294064+4.26912922376525i
270.5,0.0877615086136766+0.0718973309705846i
270.75,-1.38705343841497+0.108118777349177i
271,-2.80891325101683+0.378839936546857i
271.25,-0.852178314676734-1.08031268919016i
271.5,-1.17215326091296-1.14750065057634i
271.75,-2.04100728783137-0.279169918834278i
272,0.363561980359789-0.996966377200823i
272.25,-0.370819299496751+0.338722933052621i
272.5,-0.353356082426174-0.256619211245474i
272.75,2.46111619949273+0.504942865151766i
273,-0.612906209831742-0.842324098550874i
273.25,0.200935502604821+1.2900543498843i
273.5,-0.231449054314978-1.01391045568227i
273.75,0.605256565330059-1.26230460195436i
274,1.38512505453988-1.21198160852248i
274.25,-0.541791917344524-0.154240681107264i
274.5,-0.468193776302394-1.19252165479344i
274.75,-1.76134958482396-0.349387947236293i
275,-0.976544803012894+0.737775757377389i
275.25,-0.374191264640067+0.896099838870447i
275.5,-2.33173751709437+0.68477322593986i
275.75,0.30383676021235+0.157991714898138i
276,-0.00749265007261113+2.2788663583627i
276.25,-1.12850052130613-0.0653925380469292i
276.5,0.0966419430329285-5.17363704931806i
276.75,-1.09533077849172-1.41075708017937i
277,1.8105437535591-0.49496449455762i
277.25,-0.771119295299371+0.220258648894832i
277.5,0.530834423583117+0.662819107312526i
277.75,-1.3221043000647+0.564051073301998i
278,-2.81996405711138+1.83877018976448i
278.25,-2.13015106341768-0.74137701531613i
278.5,0.388488122753494+0.769649517422815i
278.75,-2.7221504298767+1.0432823479444i
279,-1.74057762484761-1.01782780975463i
279.25,-0.209401219107316+1.71524437940066i
279.5,1.03077847389374+0.378369919248946i
279.75,-0.9528247522794-0.100507577610924i
280,2.29147409914604+0.543567268832411i
280.25,-2.05251894368684+0.911673845455847i
280.5,0.712651765376388+3.42154367981098i
280.75,1.37176348133106+1.10317699565493i
281,1.00588852160096+4.94927355219641i
281.25,-0.207620257880622+2.75078234922983i
281.5,0.566233306954569+0.667916567914187i
281.75,-0.557748411963992+1.25346479891223i
282,0.965918033409477-1.5362398848432i
282.25,1.08952237371682-1.50906007440639i
282.5,-0.984472721127273-0.992724259998414i
282.75,1.50982278547543+1.72157272228679i
283,0.964524602142741+0.351195587504525i
283.25,3.78256461554154+0.425437122537088i
283.5,4.34205336447043+2.67606158540099i
283.75,2.49431647051834+0.673995589337031i
284,1.52166385057917-2.71054880710351i
284.25,2.40794616516718-1.91120656403662i
284.5,0.0537228561442974-0.953627910582757i
284.75,-0.466705221190092-1.1725213952216i
285,0.0948141090288138-0.245222923729728i
285.25,0.977522459228463+1.38871748480739i
285.5,0.450653760833001+0.260415215004622i
285.75,0.569893934157473-0.263438317767537i
286,-0.162168963329576+0.777928586446778i
286.25,0.704258737706735+0.475406671663315i
286.5,-0.382653246797599+0.793417677034959i
286.75,-0.207954297865961+1.89109752617179i
287,-0.0967915667372789+0.193840215184878i
287.25,-0.587561913106814+2.22423681849346i
287.5,1.23837360480681-0.716471567833749i
287.75,0.622510039991586+0.740699139510378i
288,1.80344457653784-1.28041771538086i
288.25,1.80486157719682-2.17359111461811i
288.5,0.489300605452328-1.20568196196157i
288.75,2.21265246076302-3.86144665318641i
289,1.73936208396398-0.975776725825561i
289.25,-1.52089179780412+0.81476497764961i
289.5,-0.792335850965745+0.592828908532251i
289.75,0.745500292423209-0.103651337116134i
290,-0.658053777665548-0.120415742520651i
290.25,-0.351804009298671+0.392797194064393i
290.5,-0.862971742645241+1.21042912967469i
290.75,-0.797391481062703+1.79948242732964i
291,-0.272152266230129-1.01287694567023i
291.25,-0.575505581201+0.767902418490283i
291.5,-1.69968806022432-0.0796854557944497i
291.75,-1.06088128157504+2.72251823579053i
292,-1.5548257897812-0.238539063898965i
292.25,-1.04100959026468-1.13094028761407i
292.5,-0.682206961795892+0.226620533393878i
292.75,-0.689200612657479-2.22756414653678i
293,0.284310384920287-2.47198432887837i
293.25,0.564760166226824-1.24913124370666i
293.5,0.158038015289467+0.350348791986543i
293.75,1.16998052985686-0.484828084837651i
294,2.37349893804201+1.0169351141547i
294.25,0.321451071388928+0.461409815413758i
294.5,-1.36049582979792+1.23688109890576i
294.75,-1.86481397423918+0.648917653499756i
295,-1.37081535452868-0.55604970036445i
295.25,-2.96348219323402-0.183984055243203i
295.5,0.621527158836788-0.291286688995178i
295.75,2.98144881777182-1.9704036658992i
296,-1.37377002248004-1.14100227373929i
296.25,0.069594442667661-0.560417747308121i
296.5,0.738058731788205+0.191477395040285i
296.75,0.590384278968913-0.673292486887872i
297,-0.296401201113941-0.449176526064931i
297.25,-1.66771607759996-0.440894971297132i
297.5,-0.48693713047127+0.375642430181379i
297.75,-0.59144460923366+0.231050498938934i
298,0.209008619258825-0.956431794810966i
298.25,-0.562837747720601+0.420266108931027i
298.5,1.24676912070682+0.191896691286418i
298.75,-0.366454537491089+1.21085191459488i
299,0.405662068434416+2.17109208859396i
299.25,-0.743566851721385+2.75843883059951i
299.5,-1.42235849854291+3.50787067033291i
299.75,1.55993089544823+2.06762296113905i
300,-1.95615730883288-0.088855570868746i
300.25,-1.22012911374147-0.603395201965365i
300.5,-0.219277530864173-0.800736417148467i
300.75,-0.00676402118780223-1.94579646299735i
301,0.395852109962142-1.89150045514711i
301.25,-1.66012181438443+1.77763205088766i
301.5,1.40058168038391-1.07973268145748i
301.75,-0.29919350398276+1.03029042298604i
302,0.681709510913298-0.706560931388585i
302.25,-0.172921298270249+0.52612603415151i
302.5,0.768719915623745-0.250928589475408i
302.75,0.343756316456388-0.132625877086747i
303,-1.43001510882594+0.514062342640544i
303.25,-0.113617718608924+0.783580058983194i
303.5,-1.57061592656416+0.827407086234683i
303.75,-0.949752222412112-0.324852325249585i
304,-0.134221274702452+0.321805739327667i
304.25,-1.45369272119901+1.1799558726161i
304.5,-0.650792296617171-1.06084041821093i
304.75,-2.12436490742171-1.05413525687795i
305,0.563698343849833+0.818203955140881i
305.25,-0.799311039354192+0.703475022762063i
305.5,-0.66246601157526-0.931207652594863i
305.75,-1.17515133701583+0.313216152038923i
306,-1.7491330125293+0.623765466094996i
306.25,0.419780185831329-2.99926013842976i
306.5,-0.774767880060931-1.18889423363949i
306.75,-2.67661293586118-1.36234293424806i
307,0.817153816245875-0.352592419966556i
307.25,-0.40381464692234-1.37545500895061i
307.5,-0.0728620237777073-0.819288601785825i
307.75,-1.15789125114246-0.491625424411516i
308,2.43317505206672-0.465293885309889i
308.25,-1.1780861916732+0.31442880674652i
308.5,-1.79071893350822-0.562177046837135i
308.75,-0.738894346259124+1.81388547892906i
309,-1.23646431187894+1.43915576592836i
309.25,-0.00646735056749478-1.37248161479753i
309.5,2.15258520577479+1.32467575052779i
309.75,-0.148409706028092-0.950831559717941i
310,1.47943652403012+0.270631639907402i
310.25,NaNNaNi
310.5,NaNNaNi
310.75,NaNNaNi
311,NaNNaNi
311.25,NaNNaNi
311.5,NaNNaNi
311.75,NaNNaNi
312,NaNNaNi
312.25,NaNNaNi
312.5,NaNNaNi
312.75,NaNNaNi
313,NaNNaNi
313.25,NaNNaNi
313.5,NaNNaNi
313.75,NaNNaNi
314,NaNNaNi
314.25,NaNNaNi
314.5,NaNNaNi
314.75,NaNNaNi
315,NaNNaNi
315.25,NaNNaNi
315.5,NaNNaNi
315.75,NaNNaNi
316,NaNNaNi
316.25,NaNNaNi
316.5,NaNNaNi
316.75,NaNNaNi
317,NaNNaNi
317.25,NaNNaNi
317.5,NaNNaNi
317.75,NaNNaNi
318,NaNNaNi
318.25,NaNNaNi
318.5,NaNNaNi
318.75,NaNNaNi
319,NaNNaNi
319.25,NaNNaNi
319.5,NaNNaNi
319.75,NaNNaNi
320,NaNNaNi
320.25,NaNNaNi
320.5,NaNNaNi
320.75,NaNNaNi
321,NaNNaNi
321.25,NaNNaNi
321.5,NaNNaNi
321.75,NaNNaNi
322,NaNNaNi
322.25,NaNNaNi
322.5,NaNNaNi
322.75,NaNNaNi
323,NaNNaNi
323.25,NaNNaNi
323.5,NaNNaNi
323.75,NaNNaNi
324,NaNNaNi
324.25,NaNNaNi
324.5,NaNNaNi
324.75,NaNNaNi
325,NaNNaNi
325.25,NaNNaNi
325.5,NaNNaNi
325.75,NaNNaNi
326,NaNNaNi
326.25,NaNNaNi
326.5,NaNNaNi
326.75,NaNNaNi
327,NaNNaNi
327.25,NaNNaNi
327.5,NaNNaNi
327.75,NaNNaNi
328,NaNNaNi
328.25,NaNNaNi
328.5,NaNNaNi
328.75,NaNNaNi
329,NaNNaNi
329.25,NaNNaNi
329.5,NaNNaNi
329.75,NaNNaNi
330,NaNNaNi
330.25,NaNNaNi
330.5,NaNNaNi
330.75,NaNNaNi
331,NaNNaNi
331.25,NaNNaNi
331.5,NaNNaNi
331.75,NaNNaNi
332,NaNNaNi
332.25,NaNNaNi
332.5,NaNNaNi
332.75,NaNNaNi
333,NaNNaNi
333.25,NaNNaNi
333.5,NaNNaNi
333.75,NaNNaNi
334,NaNNaNi
334.25,NaNNaNi
334.5,NaNNaNi
334.75,NaNNaNi
335,NaNNaNi
335.25,NaNNaNi
335.5,NaNNaNi
335.75,NaNNaNi
336,NaNNaNi
336.25,NaNNaNi
336.5,NaNNaNi
336.75,NaNNaNi
337,NaNNaNi
337.25,NaNNaNi
337.5,NaNNaNi
337.75,NaNNaNi
338,NaNNaNi
338.25,NaNNaNi
338.5,NaNNaNi
338.75,NaNNaNi
339,NaNNaNi
339.25,NaNNaNi
339.5,NaNNaNi
339.75,NaNNaNi
340,NaNNaNi
340.25,NaNNaNi
340.5,NaNNaNi
340.75,NaNNaNi
341,NaNNaNi
341.25,NaNNaNi
341.5,NaNNaNi
341.75,NaNNaNi
342,NaNNaNi
342.25,NaNNaNi
342.5,NaNNaNi
342.75,NaNNaNi
343,NaNNaNi
343.25,NaNNaNi
343.5,NaNNaNi
343.75,NaNNaNi
344,NaNNaNi
344.25,NaNNaNi
344.5,NaNNaNi
344.75,NaNNaNi
345,NaNNaNi
345.25,NaNNaNi
345.5,NaNNaNi
345.75,NaNNaNi
346,NaNNaNi
346.25,NaNNaNi
346.5,NaNNaNi
346.75,NaNNaNi
347,NaNNaNi
347.25,NaNNaNi
347.5,NaNNaNi
347.75,NaNNaNi
348,NaNNaNi
348.25,NaNNaNi
348.5,NaNNaNi
348.75,NaNNaNi
349,NaNNaNi
349.25,NaNNaNi
349.5,NaNNaNi
349.75,NaNNaNi
350,NaNNaNi
350.25,NaNNaNi
350.5,NaNNaNi
350.75,NaNNaNi
351,NaNNaNi
351.25,NaNNaNi
351.5,NaNNaNi
351.75,NaNNaNi
352,NaNNaNi
352.25,NaNNaNi
352.5,NaNNaNi
352.75,NaNNaNi
353,NaNNaNi
353.25,NaNNaNi
353.5,NaNNaNi
353.75,NaNNaNi
354,NaNNaNi
354.25,NaNNaNi
354.5,NaNNaNi
354.75,NaNNaNi
355,NaNNaNi
355.25,NaNNaNi
355.5,NaNNaNi
355.75,NaNNaNi
356,NaNNaNi
356.25,NaNNaNi
356.5,NaNNaNi
356.75,NaNNaNi
357,NaNNaNi
357.25,NaNNaNi
357.5,NaNNaNi
357.75,NaNNaNi
358,NaNNaNi
358.25,NaNNaNi
358.5,NaNNaNi
358.75,NaNNaNi
359,NaNNaNi
359.25,NaNNaNi
359.5,NaNNaNi
359.75,NaNNaNi
360,NaNNaNi
